Kategorie NEU,Sortierung,Produktbezeichnung,Produzent  ,Ländleherz,"Saisonal 
erhältlich",Produkt Text
Alkoholfreie Gertänke & Sirup,Fruchtsaft,SUTTERLÜTY'S APFEL-BIRNENSAFT,"Mosterei Kramml, Lustenau",Us'm Ländle,,"Die Äpfel und Birnen für dieses reine Naturprodukt stammen von den letzten Rheintaler Streuobstwiesen. Zwar ist die Ernte von den alten Hochstammbäumen etwas mühevoller, aber dafür sind die Aromenvielfalt und Qualität der Früchte einzigartig. Für Sutterlüty’s Rheintaler Apfel-Birnen-Saft kommen in der kleinen Lustenauer Mosterei Krammel nur handverlesene Früchte in die Presse. Der daraus gewonnene Saft kommt danach sofort und ohne Zusätze als Direktsaft in den Frischekarton. Das b’sundrige Geheimnis von diesem Saft sind also die Vorarlberger Äpfel und Birnen und sonst nichts."
Alkoholfreie Gertänke & Sirup,Fruchtsaft,SUTTERLÜTY'S APFELSAFT,"Mosterei Kramml, Lustenau",Us'm Ländle,,"Der naturtrübe Apfelsaft von der Mosterei Krammel ist ein reines Naturprodukt. Das liegt an den Vorarlberger Äpfeln und an der Pressmethode. In die Presse kommen nur ungespritzte und handverlesene Äpfel. Diese stammen ausschließlich von den für das Rheintal so typischen Streuobstwiesen. Dort ist zwar die Ernte aufwändiger, aber dafür sind die Sortenvielfalt und die Qualität einzigartig. Nach der Pressung wird Sutterlüty‘s Apfelsaft sofort als Direktsaft abgefüllt. Das heißt völlig naturbelassen. Sie müssen nur den Zapfhahn aufdrehen, um sein b‘sundriges Aroma zu genießen."
Alkoholfreie Gertänke & Sirup,Fruchtsaft,SUTTERLÜTY'S APFELSAFT BOSKOOP,"Mosterei Kramml, Lustenau",Us'm Ländle,,"Der Boskoop Apfel – bei uns im Ländle auch Lederapfel genannt – ist wegen seiner feinen Säure einer der beliebtesten Saftäpfel unserer Region. Die Äpfel für Sutterlüty’s Boskoop Apfelsaft stammen zu 100 Prozent aus Vorarlberg und der Bodenseeregion. Hier gedeiht der Boskoop Apfel durch das Wechselspiel von kalten und warmen Tagen besonders aromareich. Die kleine Lustenauer Mosterei Krammel presst die handverlesenen Früchte zu Direktsaft, der sofort und ohne Zusätze in die Frischekartons kommt. Das b’sundrige Geheimnis von diesem Saft sind also die sortenreinen Boskoop Äpfel aus unserer Region – und sonst nichts."
Alkoholfreie Gertänke & Sirup,Fruchtsaft,SUTTERLÜTY'S APFELSAFT JONAGOLD,"Mosterei Kramml, Lustenau",Us'm Ländle,,"Jonagold Äpfel werden bei uns im Ländle seit den 1960ern angebaut und gehören mittlerweile zu den beliebtesten Apfelsorten. Ihre süßfruchtige-feinsäuerliche Note ist bei Groß und Klein beliebt. Die Äpfel für Sutterlüty’s Jonagold Apfelsaft stammen zu 100 Prozent aus Vorarlberg und der Bodenseeregion. Hier gedeiht der Jonagold Apfel durch das Wechselspiel von kalten und warmen Tagen besonders gut. Die kleine Lustenauer Mosterei Krammel presst die handverlesenen Früchte zu Direktsaft, der sofort und ohne Zusätze in die Frischekartons kommt. Das b’sundrige Geheimnis von diesem Saft sind also die sortenreinen Jonagold Äpfel aus unserer Region –a und sonst nichts."
Alkoholfreie Gertänke & Sirup,Fruchtsaft gespritzt,SUTTERLÜTY'S APFELSAFT G'SPRITZT,"Mosterei Kramml, Lustenau",Us'm Ländle,,"Sutterlüty’s gespritzter Apfelsaft ist ein reines Naturprodukt. Er wird nicht mit Apfelsaftkonzentrat, sondern direkt aus den Äpfeln der Region hergestellt. Andreas Krammel presst dafür in seiner Lustenauer Mosterei auf besonders schonende Weise handverlesene Äpfel aus der Bodenseeregion. Die allermeisten Äpfel stammen von den für das Rheintal so typischen Streuobstwiesen. Dort ist die Ernte zwar aufwendiger, dafür sind die Sortenvielfalt und damit der Geschmack einzigartig. Zum so gewonnenen Direktsaft kommt nur noch frisches Gebirgsquellwasser aus dem Arlbergmassiv und etwas Kohlensäure. Und fertig ist der b’sundrige Durstlöscher – herrlich erfrischend, völlig natürlich und direkt aus der Region."
Alkoholfreie Gertänke & Sirup,Fruchtsaft gespritzt,SUTTERLÜTY'S HOLUNDERBEERENSAFT G'SPRITZT,"Mosterei Kramml, Lustenau",Ländle Pur,,"Für Sutterlüty’s Holunderbeerensaft g’spritzt nimmt sich Obstsaft-Experte Andreas Krammel aus Lustenau viel Zeit, um den süßen Holunderbeeren von Jens Blum in Höchst und Winder Beeren in Dornbirn durch langsames Pressen ihr intensives Aroma zu entlocken. Aufgespritzt mit prickelndem Vorarlberger Tafelwasser wird daraus Sutterlüty’s Holunderbeerensaft g’spritzt, eine b‘sundrig fruchtig-prickelnde Erfrischung, wie man sie von früher kennt und liebt."
Alkoholfreie Gertänke & Sirup,Fruchtsaft gespritzt,SUTTERLÜTY'S JOHANNISBEERSAFT G'SPRITZT,"Mosterei Kramml, Lustenau",Ländle Pur,,"Für Sutterlüty’s gespritzten Johannisbeerensaft nimmt sich Obstsaftexperte Andreas Krammel aus Lustenau viel Zeit, um den vollreifen Johannisbeeren von Winder Beeren aus Dornbirn durch langsames Pressen ihr intensives Aroma zu entlocken. Aufgespritzt mit prickelndem Vorarlberger Tafelwasser wird daraus Sutterlüty’s Johannisbeerensaft g’spritzt, eine fruchtig-säuerliche Erfrischung, die auch Sportler lieben und schätzen."
Alkoholfreie Gertänke & Sirup,Fruchtsaft gespritzt,SUTTERLÜTY'S APFELSECCO,"Obsthof Strodel, Weißensberg",Ländle Pur,,Sutterlüty’s Apfelsecco wird am Obsthof Strodel in Weißensberg bei Lindau aus makellosen Bodensee-Elstar-Äpfeln gekeltert. Dabei setzt Klaus Strodel auf höchste Qualität und eine schonende Herstellung ohne künstliche Konservierungsstoffe. Feinste Kohlensäure lässt den Apfelsecco im Glas festlich schäumen und sprudeln. Auf Ihr b’sundriges Wohl!
Alkoholfreie Gertänke & Sirup,Limonade,SUTTERLÜTY'S HOLUNDERBLÜTENLIMONADE,"Mosterei Kramml, Lustenau",Ländle Pur,,"Für Sutterlüty’s Holunderblütenlimonade erntet Jens Blum an einem sonnenreichen Tag die Blüten seines Holunderstrauches und setzt diese für einen Auszug in Wasser an. Nach 36 Stunden werden die Blüten wieder entnommen und der Auszug mit Zucker, Limettensaft, Zitronensaft und Citronensäure abgestimmt. Jetzt fehlt für Sutterlüty’s Holunderblütenlimonade nur noch das Tafelwasser und die Kohlensäure und fertig ist der b’sundrige Genuss der Natur – wie damals von der Oma."
Alkoholfreie Gertänke & Sirup,Most,SUTTERLÜTY'S APFELSÜSSMOST,"Mosterei Kramml, Lustenau",Us'm Ländle,,Der frisch gepresste Apfel-Süßmost der Mosterei Krammel aus Lustenau ist ein reines Naturprodukt. Das liegt an der traditionellen Herstellung aus reifem süßem Obst und den Verzicht auf jegliche Zusatz- und Konservierungsmittel. Die richtige Mischung von süßen und säuerlichen Apfelsorten und die Direktpressung sind das Geheimnis des fruchtigen Obstgeschmacks. Und deshalb ist dieser Apfel-Süßmost pur oder gespritzt ein b’sundriger Obstgenuss.
Alkoholfreie Gertänke & Sirup,Nektar,SUTTERLÜTY'S SCHWARZER JOHANNISBEER NEKTAR,"Winder Beeren, Dornbirn",Us'm Ländle,,In diesen Klassiker aus Omas Zeiten kommen nur ausgesuchte Johannisbeeren aus den Beerengärten von Martin und Peter Winder im Hohenemser Ried. Nach der Ernte werden die sonnengereiften Beeren auf traditionelle Weise gepresst und in einem schonenden Verfahren abgefüllt. Nur reines Wasser und etwas Zucker kommen noch in den Saft. Sonst nichts. Deshalb schmeckt Sutterlüty’s Schwarzer Johannisbeer Nektar so b’sundrig fruchtig-frisch und ganz natürlich.
Alkoholfreie Gertänke & Sirup,Sirup,SUTTERLÜTY'S HOLDERBEEREN SIRUP,"Winder Beeren, Dornbirn",Us'm Ländle,,Die handverlesenen Holderbeeren werden im Dornbirner und Hohenemser Ried geerntet. Danach entsaftet sie die Familie Winder auf besonders schonende Art am eigenen Hof in Dornbirn. Nun wird der pure Saft nur noch mit Zucker verfeinert. Konservierungsmittel oder gar Aromen kommen nicht einmal in die Nähe der Flaschen. Deshalb schmeckt Sutterlüty’s Holderbeeren Sirup so b’sundrig fruchtig-frisch und ganz natürlich.
Alkoholfreie Gertänke & Sirup,Sirup,SUTTERLÜTY'S HOLDERBLÜTEN SIRUP,"Winder Beeren, Dornbirn",Us'm Ländle,,"Die meisten von uns haben ihren ersten Holdersirup als Kind getrunken. Und so unvergesslich schmeckt auch Sutterlüty’s Holdersirup. Die Holderblüten für diesen traditionellen Durstlöscher stammen aus den Beerengärten von Beeren Winder im Dornbirner und Hohenemser Ried. Nach der händischen Ernte setzt man die Blüten wie zu Omas Zeiten nur mit Wasser, Zucker und ein wenig Zitronensäure an. Nach ein paar Tagen entwickeln die Holderblüten ihr b’sundriges Aroma."
Alkoholfreie Gertänke & Sirup,Sirup,SUTTERLÜTY'S SCHWARZER JOHANNISBEER SIRUP,"Winder Beeren, Dornbirn",Us'm Ländle,,Die Johannisbeeren für diesen Sirup stammen aus den Beerengärten von Martin und Peter Winder im Hohenemser Ried. In ihrer Beerenküche werden die sonnengereiften Johannisbeeren noch auf traditionelle Weise gepresst. Danach wird der pure Saft nur noch mit Zucker verfeinert. Konservierungsmittel oder gar Aromen kommen nicht einmal in die Nähe der Flaschen. Deshalb schmeckt Sutterlüty’s Johannisbeer Sirup so b’sundrig fruchtig-frisch und ganz natürlich.
,,,,,,
,,,,,,
,,,,,,
Alkoholische Getränke,Cider & Most,SUTTERLÜTY'S APFEL-PERLWEIN,"Dietrich - Vorarlberger Kostbarkeiten, Lauterach",Ländle Pur,,
Alkoholische Getränke,Brände,SUTTERLÜTY'S BODENSEE OBSTLER,"Privatdestillerie Pfanner, Lauterach",Us'm Ländle,,"Seit 1860 werden in der Privatdestillerie Hermann Pfanner edle Brände und Schnäpse gebrannt. Für Sutterlüty’s Schnäpe und Brände verwendet das traditionsreiche Unternehmen lediglich mit großer Sorgfalt ausgewählte vollreife Früchte. Gebrannt wird bei den Pfanners auch heute noch, so wie vor 160 Jahren, im traditionellen Doppelbrandverfahren. Vollreife Äpfel und Birnen aus der Bodenseeregion bilden die Grundlage für diesen fruchtigen Obstler."
Alkoholische Getränke,Brände,SUTTERLÜTY'S LÄNDLE WILLIAMSBRAND,"Privatdestillerie Pfanner, Lauterach",Us'm Ländle,,"Seit 1860 werden in der Privatdestillerie Hermann Pfanner edle Brände und Schnäpse gebrannt. Für Sutterlüty’s Schnäpe und Brände verwendet das traditionsreiche Unternehmen lediglich mit großer Sorgfalt ausgewählte vollreife Früchte. Gebrannt wird bei den Pfanners auch heute noch, so wie vor 160 Jahren, im traditionellen Doppelbrandverfahren. Handverlesene, vollreife Williamsbirnen bilden die Basis für diesen aromatischen Tropfen."
Alkoholische Getränke,Brände,SUTTERLÜTY'S ORIGINAL SUBIRER,"Privatdestillerie Pfanner, Lauterach",Ländle Pur,,"Seit 1860 werden in der Privatdestillerie Hermann Pfanner edle Brände und Schnäpse gebrannt. Für Sutterlüty’s Schnäpe und Brände verwendet das traditionsreiche Unternehmen lediglich mit großer Sorgfalt ausgewählte vollreife Früchte. Gebrannt wird bei den Pfanners auch heute noch, so wie vor 160 Jahren, im traditionellen Doppelbrandverfahren. Die Subira, eine uralte Birnensorte aus dem Ländle, bildet die Grundlage für diesen b’sundrig intensiven und kraftvollen Edelbrand."
Alkoholische Getränke,Brände,SUTTERLÜTY'S HONIG WILLIAMS,"Privatdestillerie Pfanner, Lauterach",Us'm Ländle,,"Seit 1860 werden in der Privatdestillerie Hermann Pfanner edle Brände und Schnäpse gebrannt. Für Sutterlüty’s Schnäpe und Brände verwendet das traditionsreiche Unternehmen lediglich mit großer Sorgfalt ausgewählte vollreife Früchte. Gebrannt wird bei den Pfanners auch heute noch, so wie vor 160 Jahren, im traditionellen Doppelbrandverfahren. Vollreife Williamsbirnen und feinster Bienenhonig bilden die Grundlage für diesen elegant-süßen Honig Williamsschnaps."
Alkoholische Getränke,Brände,SUTTERLÜTY'S WILLIAMSBRAND,"Privatdestillerie Pfanner, Lauterach",Us'm Ländle,,"Seit Jahrzehnten einer der besten Williamsbrände - Die Williamsbirne wurde 1828 erstmals in Frankreich angepflanzt. Heute wächst diese weltweit bedeutendste Birnensorte in vielen Teilen Mitteleuropas – im Wallis, im Südtirol, in der Wachau und auch am Bodensee. Die Privatdestillerie Pfanner verwendet nur die besten Früchte, destilliert die Maische sorgsam und erzeugt seit Jahrzehnten den b’sundrigen Pfanner Williamsbrand."
Alkoholische Getränke,Cider & Most,SUTTERLÜTY'S APFELCIDER,"Mosterei Kramml, Lustenau",Ländle Pur,,Andreas Krammel keltert in seiner Mosterei in Lustenau aus der Apfelernte von alten Rheintaler Streuobstwiesen einen edlen Apfelwein. Nach der Gärung wird der Wein mit etwas unvergorenem Apfelsaft und Kohlensäure in Flaschen gefüllt. So entsteht Sutterlüty’s Apfelcider – ein furchtig-spritziger Genuss.
Alkoholische Getränke,Cider & Most,SUTTERLÜTY'S APFELMOST VERGÄRT,"Mosterei Kramml, Lustenau",Ländle Pur,,"Für Sutterlüty’s Most werden nur beste Äpfel von Vorarlberger Streuobstwiesen ausgewählt. Im Herbst wird die Apfelernte von Andreas Krammel gekeltert, mit reiner Hefe vergoren und in 3 bis 4 Monaten reift dann Sutterlüty’s Apfelmost mit einem natürlich-feinen Säureverhältnis heran. Eine reine Gabe der Natur mit 6,4 % Vol. Alkoholgehalt, die sich bestens zum Spritzen eignet."
Alkoholische Getränke,Cider & Most,SUTTERLÜTY'S GLÜHMOST,"Mosterei Kramml, Lustenau",Us'm Ländle,,"Diese feine Spezialität aus der Mosterei Krammel enthält nach einem traditionellen Familienrezept nur das Beste aus frischen Äpfeln aus der Region, verfeinert mit winterlichen Gewürzen. Und weil er mit rund 6 % nur halb so viel Alkohol enthält wie Glühwein, ist Sutterlüty’s Glühmost auch noch b’sundrig leicht bekömmlich."
,,,,,,
,,,,,,
,,,,,,
Pesto & Chutney,Pesto,SUTTERLÜTY'S BIO BÄRLAUCH CREME,"Naturreich, Grossdorf",Us'm Ländle,,"Zum Bärlauch aus zertifizierter Wildsammlung in Vorarlberg gibt Wildkräuterexperte Reiner Metzler nur noch Bio Olivenöl und eine Prise Ursalz. So ist ein b’sundrig natürlicher Genuss die Krönung für jeden Teller Nudeln. Mit ihrem würzigen Geschmack und ihrer cremigen Konsistenz verfeinert Sutterlüty’s Bio Bärlauchcreme im Handumdrehen Nudeln, Suppen, Salate, Dips, Saucen und vieles mehr."
Pesto & Chutney,Pesto,SUTTERLÜTY'S BASILIKUM PESTO,"Söhmsen's Manufaktur, Dornbirn",Us'm Ländle,,In der Dornbirner Spezialitätenmanufaktur Sohm verarbeitet man den Bärlauch vom Schlossberg der Familie Waldburg-Zeil mit ausgesuchten Zutaten und besten Ölen zu einem kräftigen Pesto.
Pesto & Chutney,Pesto,SUTTERLÜTY'S BÄRLAUCHPESTO,"Söhmsen's Manufaktur, Dornbirn",Us'm Ländle,,"Für Sutterlüty’s Basilikum Pesto verwendet Wolfgang Sohm in seiner kleinen Dornbirner Spezialitätenmanufaktur nur die besten Zutaten: Feinste Öle, knackige Walnüsse, Parmesan, einen Hauch von Knoblauch und frisches Basilikum aus Vorarlberg."
Pesto & Chutney,Chutney,SUTTERLÜTY'S APFEL-BIRNEN-CHILI CHUTNEY,"Söhmsen's Manufaktur, Dornbirn",Us'm Ländle,,"Mit frisch gepresstem Apfel-Birnen-Direktsaft und natürlichem Apfel-Birnen-Essig aus Rheintaler Streuobst entsteht in Söhmsen’s Spezialitäten-Manufaktur in Dornbirn dieses fruchtige Apfel Birne Chili Chutney. Ein b’sundriger Genuss zu Reis, Fisch, Geflügel, gegrilltem, Käse und Speck. Aber auch zum Verfeinern von Saucen – oder ganz einfach pur aufs Brot."
Pesto & Chutney,Chutney,SUTTERLÜTY'S ZWETSCHGEN-CURRY CHUTNEY,"Söhmsen's Manufaktur, Dornbirn",Us'm Ländle,,"Aus reifen, handgepflückten Ländle Zwetschgen und ganz ohne Geschmacksverstärker entsteht in Söhmsen’s Spezialitäten-Manufaktur in Dornbirn dieses fruchtige Zwetschge Curry Chutney. Ein b’sundriger Genuss zu Reis, Fisch, Geflügel, Gegrilltem, Käse und Speck. Aber auch zum Verfeinern von Saucen – oder ganz einfach pur aufs Brot."
,,,,,,
,,,,,,
,,,,,,
Sauergemüse,Sauergemüse,SUTTERLÜTY'S CORNICHONS,"Familie Hirscher, Meckenbeuren",,,Die kleinen Gewürzgurken kommen frisch aus dem Bauerngarten der Familie Hirscher. Senior-Chef Siegfried kümmert sich um den Anbau und erntet händisch die reifen Früchte. Eingelegt werden die Gurken nach einem traditionellen Rezept seiner Frau Waltraud mit frischen Kräutern und Gewürzen aus dem eigenen Garten. Schon zwei Stunden nach der Ernte sind die Gurken im Glas. Deshalb sind sie auch so b'sundrig knackig.
Sauergemüse,Sauergemüse,SUTTERLÜTY'S GEWÜRZGURKEN,"Familie Hirscher, Meckenbeuren",,,"Weil Gemüse direkt aus der Region einfach unvergleichlich ist, aber leider nicht das ganze Jahr über Saison hat, legt Familie Hirscher, aus Meckenbeuren am Bodensee, es nach alter Tradition in fein abgeschmeckten Branntweinessigsud ein und verfeinert es mit ein paar handverlesenen Gewürzen. Nach altbewährter Tradition und mit besten Gewürzen verfeinert sind Sutterlüty’s Gewürzgurken in zwei Stunden vom Feld im Glas."
Sauergemüse,Sauergemüse,SUTTERLÜTY'S GURKEN-PAPRIKA-TÖPFLE,"Familie Hirscher, Meckenbeuren",,,"Die feinen Gurken und Paprika für dieses sauer-pikante Töpfle werden von der Familie Hirscher in Handarbeit angebaut, geerntet und mit frischen Kräutern und Gewürzen aus dem eigenen Garten eingelegt."
Sauergemüse,Sauergemüse,SUTTERLÜTY'S KAROTTEN SALAT,"Familie Hirscher, Meckenbeuren",,,Die zarten Karotten kommen frisch aus dem Bauerngarten der  Familie Hirscher. Senior-Chef Siegfried kümmert sich um den Anbau und erntet die reifen Karotten händisch. Seine Frau Waltraud bereitet den feinen Salat nach altem Hausrezept zu. Unser Servier-Tipp: Salat abtropfen lassen und vor dem Servieren mit zwei bis drei Löffeln Schlagrahm verfeinern. So schmeckt er b’sundrig fein.
Sauergemüse,Sauergemüse,SUTTERLÜTY'S PAPRIKATÖPFLE,"Familie Hirscher, Meckenbeuren",,,Die feinen Paprika kommen frisch aus dem Bauerngarten der Familie Hirscher. Nach altbewährter Tradition und mit besten Gewürzen verfeinert ist Sutterlüty’s Paprikatöpfle ein b’sundriger Genuss.
Sauergemüse,Sauergemüse,SUTTERLÜTY'S RANDIG SALAT,"Familie Hirscher, Meckenbeuren",,,Die roten Rüben kommen frisch aus dem Bauerngarten der Familie Hirscher. Senior-Chef Siegfried kümmert sich um den Anbau und erntet händisch die reifen Früchte. Eingelegt werden die roten Rüben nach einem traditionellen Rezept seiner Frau Waltraud mit frischen Kräutern und Gewürzen aus dem eigenen Garten. Deshalb ist der Randig Salat auch so b’sundrig fein im Geschmack.
Sauergemüse,Sauergemüse,SUTTERLÜTY'S SELLERIE SALAT,"Familie Hirscher, Meckenbeuren",,,"Nur den besten Sellerie sucht Senior-Chef Siegfried Hirscher bei Gemüsebauern aus der Nachbarschaft aus. Seine Frau Waltraud bereitet daraus dann nach altem Hausrezept der Familie diesen feinen Salat zu. Unser Tipp: Damit der Sutterlüty’s Selleriesalat b’sundrig fein und saftig schmeckt, vor dem Öffnen kurz schütteln."
Sauergemüse,Sauergemüse,SUTTERLÜTY'S SENFGURKEN,"Familie Hirscher, Meckenbeuren",,,"Weil Gemüse direkt aus der Region einfach unvergleichlich ist, aber leider nicht das ganze Jahr über Saison hat, legt Familie Hirscher, aus Meckenbeuren am Bodensee, es nach alter Tradition in fein abgeschmeckten Branntweinessigsud ein und verfeinert es mit ein paar handverlesenen Gewürzen. Nach traditionellem Rezept mit Senfkörnern verfeinert sind Sutterlüty’s Senfgurken in zwei Stunden vom Feld im Glas."
,,,,,,
,,,,,,
,,,,,,
Fleisch,Geflügel,SUTTERLÜTY'S BIO HENNELE,"Biohof Behmann, St. Gerold",Us'm Ländle,,"Sutterlüty's Bio Hennele werden bei Familie Behmann in Sankt Gerold im großen Walsertal streng nach Bio-Kriterien aufgezogen: In Freilandhaltung mit mindestens vier Quadratmeter Platz pro Huhn und einem artgerechten Stall, der mit Stroh und Sägespänen eingestreut ist, können die Hühner ihrem natürlichen Scharrtrieb freien Lauf lassen."
Fleisch,Geflügel,SUTTERLÜTY'S BIO HENNELE FILET,"Biohof Behmann, St. Gerold",Us'm Ländle,,"Sutterlüty's Bio Hennele werden bei Familie Behmann in Sankt Gerold im großen Walsertal streng nach Bio-Kriterien aufgezogen: In Freilandhaltung mit mindestens vier Quadratmeter Platz pro Huhn und einem artgerechten Stall, der mit Stroh und Sägespänen eingestreut ist, können die Hühner ihrem natürlichen Scharrtrieb freien Lauf lassen."
Fleisch,Geflügel,SUTTERLÜTY'S BIO HENNELE KEULE,"Biohof Behmann, St. Gerold",Us'm Ländle,,"Sutterlüty's Bio Hennele werden bei Familie Behmann in Sankt Gerold im großen Walsertal streng nach Bio-Kriterien aufgezogen: In Freilandhaltung mit mindestens vier Quadratmeter Platz pro Huhn und einem artgerechten Stall, der mit Stroh und Sägespänen eingestreut ist, können die Hühner ihrem natürlichen Scharrtrieb freien Lauf lassen."
Fleisch,Geflügel,SUTTERLÜTY'S BIO HENNELE  FLÜGERL,"Biohof Behmann, St. Gerold",Us'm Ländle,,"Sutterlüty's Bio Hennele werden bei Familie Behmann in Sankt Gerold im großen Walsertal streng nach Bio-Kriterien aufgezogen: In Freilandhaltung mit mindestens vier Quadratmeter Platz pro Huhn und einem artgerechten Stall, der mit Stroh und Sägespänen eingestreut ist, können die Hühner ihrem natürlichen Scharrtrieb freien Lauf lassen."
Fleisch,Geflügel,SUTTERLÜTY'S WÄLDERHENNELE FILET,"Karl Heinz Karu, Sulzberg",Us'm Ländle,,"Sutterlüty’s feine Wälderhennele kommen aus Sulzberg im Bregenzerwald. Karl Heinz Karu zieht dort auf seinem Hof seit 1999 die echten Wälderhennele groß. In einem modernen Stall mit genügend Platz, Einstreu aus Weichholzspänen und viel Tageslicht. Gefüttert werden die Wälderhennele mit reinem Getreide. Dank der langsamen Fütterung werden die Hühner erst nach sieben Wochen ohne Transportwege noch direkt am Hof geschlachtet. Auf schnellstem Wege kommen die zarten Wälderhennele dann in die Fleischtheke bei Sutterlüty. Darum ist ihr wunderbar helles, zartes Fleisch auch so ein b’sundriger Genuss."
Fleisch,Geflügel,SUTTERLÜTY'S WÄLDERHENNELE FLÜGEL,"Karl Heinz Karu, Sulzberg",Us'm Ländle,,"Sutterlüty’s feine Wälderhennele kommen aus Sulzberg im Bregenzerwald. Karl Heinz Karu zieht dort auf seinem Hof seit 1999 die echten Wälderhennele groß. In einem modernen Stall mit genügend Platz, Einstreu aus Weichholzspänen und viel Tageslicht. Gefüttert werden die Wälderhennele mit reinem Getreide. Dank der langsamen Fütterung werden die Hühner erst nach sieben Wochen ohne Transportwege noch direkt am Hof geschlachtet. Auf schnellstem Wege kommen die zarten Wälderhennele dann in die Fleischtheke bei Sutterlüty. Darum ist ihr wunderbar helles, zartes Fleisch auch so ein b’sundriger Genuss."
Fleisch,Geflügel,SUTTERLÜTY'S WÄLDERHENNELE FLÜGEL MARINIERT,"Karl Heinz Karu, Sulzberg",Us'm Ländle,,"Sutterlüty’s feine Wälderhennele kommen aus Sulzberg im Bregenzerwald. Karl Heinz Karu zieht dort auf seinem Hof seit 1999 die echten Wälderhennele groß. In einem modernen Stall mit genügend Platz, Einstreu aus Weichholzspänen und viel Tageslicht. Gefüttert werden die Wälderhennele mit reinem Getreide. Dank der langsamen Fütterung werden die Hühner erst nach sieben Wochen ohne Transportwege noch direkt am Hof geschlachtet. Auf schnellstem Wege kommen die zarten Wälderhennele dann in die Fleischtheke bei Sutterlüty. Darum ist ihr wunderbar helles, zartes Fleisch auch so ein b’sundriger Genuss."
Fleisch,Geflügel,SUTTERLÜTY'S WÄLDERHENNELE GANZ,"Karl Heinz Karu, Sulzberg",Us'm Ländle,,"Sutterlüty’s feine Wälderhennele kommen aus Sulzberg im Bregenzerwald. Karl Heinz Karu zieht dort auf seinem Hof seit 1999 die echten Wälderhennele groß. In einem modernen Stall mit genügend Platz, Einstreu aus Weichholzspänen und viel Tageslicht. Gefüttert werden die Wälderhennele mit reinem Getreide. Dank der langsamen Fütterung werden die Hühner erst nach sieben Wochen ohne Transportwege noch direkt am Hof geschlachtet. Auf schnellstem Wege kommen die zarten Wälderhennele dann in die Fleischtheke bei Sutterlüty. Darum ist ihr wunderbar helles, zartes Fleisch auch so ein b’sundriger Genuss."
Fleisch,Geflügel,SUTTERLÜTY'S WÄLDERHENNELE KEULE,"Karl Heinz Karu, Sulzberg",Us'm Ländle,,"Sutterlüty’s feine Wälderhennele kommen aus Sulzberg im Bregenzerwald. Karl Heinz Karu zieht dort auf seinem Hof seit 1999 die echten Wälderhennele groß. In einem modernen Stall mit genügend Platz, Einstreu aus Weichholzspänen und viel Tageslicht. Gefüttert werden die Wälderhennele mit reinem Getreide. Dank der langsamen Fütterung werden die Hühner erst nach sieben Wochen ohne Transportwege noch direkt am Hof geschlachtet. Auf schnellstem Wege kommen die zarten Wälderhennele dann in die Fleischtheke bei Sutterlüty. Darum ist ihr wunderbar helles, zartes Fleisch auch so ein b’sundriger Genuss."
Fleisch,Geflügel,SUTTERLÜTY'S BIO PUTE SCHNITZEL,"Propsteihof Pfister, St. Gerold",Us'm Ländle,,"Sutterlüty's Bio Puten werden bei verschiedenen Partnern aus Vorarlberg streng nach Bio-Kriterien aufgezogen. Koordiniert wird die Aufzucht von Jakob Behmann in St. Gerold. Auf einem großen Freigelände können die Puten picken und scharren wie es ihnen gefällt. In dem artgerechten, mit Stroh und Sägespänen eingestreuten Stall finden die Tiere danach immer ein gemütliches Plätzchen, um sich auszuruhen. Gefüttert werden Sutterlüty's Bio Puten nur mit kontrolliert biologischem Futter. Dank der sorgfältigen Pflege während der Aufzucht fehlt es den Tieren an nichts."
Fleisch,Geflügel,SUTTERLÜTY'S BIO PUTE GESCHNETZELTES,"Propsteihof Pfister, St. Gerold",Us'm Ländle,,"Sutterlüty's Bio Puten werden bei verschiedenen Partnern aus Vorarlberg streng nach Bio-Kriterien aufgezogen. Koordiniert wird die Aufzucht von Jakob Behmann in St. Gerold. Auf einem großen Freigelände können die Puten picken und scharren wie es ihnen gefällt. In dem artgerechten, mit Stroh und Sägespänen eingestreuten Stall finden die Tiere danach immer ein gemütliches Plätzchen, um sich auszuruhen. Gefüttert werden Sutterlüty's Bio Puten nur mit kontrolliert biologischem Futter. Dank der sorgfältigen Pflege während der Aufzucht fehlt es den Tieren an nichts."
Fleisch,Geflügel,SUTTERLÜTY'S BIO PUTE FLÜGERL,"Propsteihof Pfister, St. Gerold",Us'm Ländle,,"Sutterlüty's Bio Puten werden bei verschiedenen Partnern aus Vorarlberg streng nach Bio-Kriterien aufgezogen. Koordiniert wird die Aufzucht von Jakob Behmann in St. Gerold. Auf einem großen Freigelände können die Puten picken und scharren wie es ihnen gefällt. In dem artgerechten, mit Stroh und Sägespänen eingestreuten Stall finden die Tiere danach immer ein gemütliches Plätzchen, um sich auszuruhen. Gefüttert werden Sutterlüty's Bio Puten nur mit kontrolliert biologischem Futter. Dank der sorgfältigen Pflege während der Aufzucht fehlt es den Tieren an nichts."
Fleisch,Geflügel,SUTTERLÜTY'S BIO PUTE KEULE,"Propsteihof Pfister, St. Gerold",Us'm Ländle,,"Sutterlüty's Bio Puten werden bei verschiedenen Partnern aus Vorarlberg streng nach Bio-Kriterien aufgezogen. Koordiniert wird die Aufzucht von Jakob Behmann in St. Gerold. Auf einem großen Freigelände können die Puten picken und scharren wie es ihnen gefällt. In dem artgerechten, mit Stroh und Sägespänen eingestreuten Stall finden die Tiere danach immer ein gemütliches Plätzchen, um sich auszuruhen. Gefüttert werden Sutterlüty's Bio Puten nur mit kontrolliert biologischem Futter. Dank der sorgfältigen Pflege während der Aufzucht fehlt es den Tieren an nichts."
Fleisch,Kalb,SUTTERLÜTY'S KALBSGULASCH,Söhmsens Manufaktur Dornbirn,Us'm Ländle,,"Für Sutterlüty‘s Gulasch verwendet Wolfgang Sohm in seiner kleinen Dornbirner Spezialitäten-Manufaktur 
nur die besten Zutaten: frisches Ländle-Kalbfleisch und feinste 
Gewürze eingekocht nach einem alten Familienrezept."
Fleisch,Kalb,SUTTERLÜTY'S KALBSGULASCH,"Traditionsmetzgerei Broger, Bizau",Ländle Pur,,"Sutterlüty’s Ländle Kälber sind echte Vorarlberger: Sie werden im Ländle geboren und wachsen auf kleinen Bauernhöfen wie jenem von Hansjok und Katharina Lang im Bregenzerwald auf. Das Tierwohl steht hier an erster Stelle: Die Kälber, die man bei Familie Lang an einer Hand abzählen kann, leben in einem hellen, sauberen Stall. Mehrmals täglich werden sie mit Milch und etwas Heu gefüttert und gut versorgt. 
Die Produktsicherheit wird durch laufende Qualitätskontrollen und eine lückenlose Rückverfolgbarkeit gewährleistet. Geschlachtet und fachmännisch zerlegt vom Vorarlberger Metzger garantiert jedes Stück vom Sutterlüty’s Ländle Kalb beste Fleischqualität aus der Region und b’sundrig feinen Genuss."
Fleisch,Kalb,SUTTERLÜTY'S KALBSRÜCKENSTEAK,"Traditionsmetzgerei Broger, Bizau",Ländle Pur,,"Sutterlüty’s Ländle Kälber sind echte Vorarlberger: Sie werden im Ländle geboren und wachsen auf kleinen Bauernhöfen wie jenem von Hansjok und Katharina Lang im Bregenzerwald auf. Das Tierwohl steht hier an erster Stelle: Die Kälber, die man bei Familie Lang an einer Hand abzählen kann, leben in einem hellen, sauberen Stall. Mehrmals täglich werden sie mit Milch und etwas Heu gefüttert und gut versorgt. 
Die Produktsicherheit wird durch laufende Qualitätskontrollen und eine lückenlose Rückverfolgbarkeit gewährleistet. Geschlachtet und fachmännisch zerlegt vom Vorarlberger Metzger garantiert jedes Stück vom Sutterlüty’s Ländle Kalb beste Fleischqualität aus der Region und b’sundrig feinen Genuss."
Fleisch,Kalb,SUTTERLÜTY'S KALBSSCHNITZEL,"Traditionsmetzgerei Broger, Bizau",Ländle Pur,,"Sutterlüty’s Ländle Kälber sind echte Vorarlberger: Sie werden im Ländle geboren und wachsen auf kleinen Bauernhöfen wie jenem von Hansjok und Katharina Lang im Bregenzerwald auf. Das Tierwohl steht hier an erster Stelle: Die Kälber, die man bei Familie Lang an einer Hand abzählen kann, leben in einem hellen, sauberen Stall. Mehrmals täglich werden sie mit Milch und etwas Heu gefüttert und gut versorgt. 
Die Produktsicherheit wird durch laufende Qualitätskontrollen und eine lückenlose Rückverfolgbarkeit gewährleistet. Geschlachtet und fachmännisch zerlegt vom Vorarlberger Metzger garantiert jedes Stück vom Sutterlüty’s Ländle Kalb beste Fleischqualität aus der Region und b’sundrig feinen Genuss."
Fleisch,Kalb,SUTTERLÜTY'S LÄNDLE KALBSSCHNITZEL,"Traditionsmetzgerei Broger, Bizau",Ländle Pur,,"Sutterlüty’s Ländle Kälber sind echte Vorarlberger: Sie werden im Ländle geboren und wachsen auf kleinen Bauernhöfen wie jenem von Hansjok und Katharina Lang im Bregenzerwald auf. Das Tierwohl steht hier an erster Stelle: Die Kälber, die man bei Familie Lang an einer Hand abzählen kann, leben in einem hellen, sauberen Stall. Mehrmals täglich werden sie mit Milch und etwas Heu gefüttert und gut versorgt. 
Die Produktsicherheit wird durch laufende Qualitätskontrollen und eine lückenlose Rückverfolgbarkeit gewährleistet. Geschlachtet und fachmännisch zerlegt vom Vorarlberger Metzger garantiert jedes Stück vom Sutterlüty’s Ländle Kalb beste Fleischqualität aus der Region und b’sundrig feinen Genuss."
Fleisch,Lamm & Ziege,SUTTERLÜTY'S LAMMRAGOUT,"Traditionsmetzgerei Broger, Bizau",Ländle Pur,,"Sutterlüty’s Ländle Lämmer sind echte Vorarlberger: Sie werden hier geboren und wachsen auf rund 40 kleinen Bauernhöfen, großteils im Walgau und im Großen Walsertal, auf. Einer davon ist jener von Jakob Behmann in St. Gerold. Wie für alle Sutterlüty’s Bauern hat auch für ihn das Tierwohl höchsten Stellenwert: Seine Lämmer genießen eine ausgewogene, gentechnikfreie Fütterung und viel Auslauf – im Sommer sogar auf Steilhängen bis 2.000 m hinauf. Das Ländle Gütesiegel garantiert höchste Produktsicherheit durch laufende Qualitätskontrollen und eine lückenlose Rückverfolgbarkeit. Geschlachtet und fachmännisch zerlegt vom Vorarlberger Metzger garantiert jedes Stück vom Sutterlüty’s Ländle Lamm beste Fleischqualität aus der Region 
und b’sundrig feinen Genuss."
Fleisch,Lamm & Ziege,SUTTERLÜTY'S LAMMRÜCKENSTEAK,"Traditionsmetzgerei Broger, Bizau",Ländle Pur,,"Sutterlüty’s Ländle Lämmer sind echte Vorarlberger: Sie werden hier geboren und wachsen auf rund 40 kleinen Bauernhöfen, großteils im Walgau und im Großen Walsertal, auf. Einer davon ist jener von Jakob Behmann in St. Gerold. Wie für alle Sutterlüty’s Bauern hat auch für ihn das Tierwohl höchsten Stellenwert: Seine Lämmer genießen eine ausgewogene, gentechnikfreie Fütterung und viel Auslauf – im Sommer sogar auf Steilhängen bis 2.000 m hinauf. Das Ländle Gütesiegel garantiert höchste Produktsicherheit durch laufende Qualitätskontrollen und eine lückenlose Rückverfolgbarkeit. Geschlachtet und fachmännisch zerlegt vom Vorarlberger Metzger garantiert jedes Stück vom Sutterlüty’s Ländle Lamm beste Fleischqualität aus der Region 
und b’sundrig feinen Genuss."
Fleisch,Lamm & Ziege,SUTTERLÜTY'S LAMMSCHNITZEL,"Traditionsmetzgerei Broger, Bizau",Ländle Pur,,"Sutterlüty’s Ländle Lämmer sind echte Vorarlberger: Sie werden hier geboren und wachsen auf rund 40 kleinen Bauernhöfen, großteils im Walgau und im Großen Walsertal, auf. Einer davon ist jener von Jakob Behmann in St. Gerold. Wie für alle Sutterlüty’s Bauern hat auch für ihn das Tierwohl höchsten Stellenwert: Seine Lämmer genießen eine ausgewogene, gentechnikfreie Fütterung und viel Auslauf – im Sommer sogar auf Steilhängen bis 2.000 m hinauf. Das Ländle Gütesiegel garantiert höchste Produktsicherheit durch laufende Qualitätskontrollen und eine lückenlose Rückverfolgbarkeit. Geschlachtet und fachmännisch zerlegt vom Vorarlberger Metzger garantiert jedes Stück vom Sutterlüty’s Ländle Lamm beste Fleischqualität aus der Region 
und b’sundrig feinen Genuss."
Fleisch,Lamm & Ziege,SUTTERLÜTY'S LAMMVORDERVIERTEL,"Traditionsmetzgerei Broger, Bizau",Ländle Pur,,"Sutterlüty’s Ländle Lämmer sind echte Vorarlberger: Sie werden hier geboren und wachsen auf rund 40 kleinen Bauernhöfen, großteils im Walgau und im Großen Walsertal, auf. Einer davon ist jener von Jakob Behmann in St. Gerold. Wie für alle Sutterlüty’s Bauern hat auch für ihn das Tierwohl höchsten Stellenwert: Seine Lämmer genießen eine ausgewogene, gentechnikfreie Fütterung und viel Auslauf – im Sommer sogar auf Steilhängen bis 2.000 m hinauf. Das Ländle Gütesiegel garantiert höchste Produktsicherheit durch laufende Qualitätskontrollen und eine lückenlose Rückverfolgbarkeit. Geschlachtet und fachmännisch zerlegt vom Vorarlberger Metzger garantiert jedes Stück vom Sutterlüty’s Ländle Lamm beste Fleischqualität aus der Region 
und b’sundrig feinen Genuss."
Fleisch,Rind,SUTTERLÜTY'S BIO RIND RAGOUT,"Traditionsmetzgerei Broger, Bizau",Ländle Pur,,"Sutterlüty’s Ländle Bio-Rinder sind echte Vorarlberger: Sie werden hier geboren und wachsen unter strengen Kontrollen auf kleinen Vorarlberger Bio-Bauernhöfen wie jenem von Reinhold Kräutler in Koblach auf. Hier genießen die Rinder eine tierwohlgerechte Haltung mit mindestens 200 Tagen freiem Auslauf. Im Sommer grasen die Tiere auf saftigen Weiden. Darüber hinaus werden sie nur mit ökologischem, gentechnikfreiem Futter gefüttert. Das Ländle Gütesiegel garantiert höchste Produktsicherheit durch laufende Qualitätskontrollen und eine lückenlose Rückverfolgbarkeit. Geschlachtet und fachmännisch zerlegt vom Vorarlberger Metzger garantiert jedes Stück vom Sutterlüty’s Ländle Bio-Rind beste Fleischqualität aus der Region und b’sundrig zarten Genuss."
Fleisch,Rind,SUTTERLÜTY'S BIO RIND RIB-EYE-STEAK,"Traditionsmetzgerei Broger, Bizau",Ländle Pur,,"Sutterlüty’s Ländle Bio-Rinder sind echte Vorarlberger: Sie werden hier geboren und wachsen unter strengen Kontrollen auf kleinen Vorarlberger Bio-Bauernhöfen wie jenem von Reinhold Kräutler in Koblach auf. Hier genießen die Rinder eine tierwohlgerechte Haltung mit mindestens 200 Tagen freiem Auslauf. Im Sommer grasen die Tiere auf saftigen Weiden. Darüber hinaus werden sie nur mit ökologischem, gentechnikfreiem Futter gefüttert. Das Ländle Gütesiegel garantiert höchste Produktsicherheit durch laufende Qualitätskontrollen und eine lückenlose Rückverfolgbarkeit. Geschlachtet und fachmännisch zerlegt vom Vorarlberger Metzger garantiert jedes Stück vom Sutterlüty’s Ländle Bio-Rind beste Fleischqualität aus der Region und b’sundrig zarten Genuss."
Fleisch,Rind,SUTTERLÜTY'S BIO RIND SCHNITZEL,"Traditionsmetzgerei Broger, Bizau",Ländle Pur,,"Sutterlüty’s Ländle Bio-Rinder sind echte Vorarlberger: Sie werden hier geboren und wachsen unter strengen Kontrollen auf kleinen Vorarlberger Bio-Bauernhöfen wie jenem von Reinhold Kräutler in Koblach auf. Hier genießen die Rinder eine tierwohlgerechte Haltung mit mindestens 200 Tagen freiem Auslauf. Im Sommer grasen die Tiere auf saftigen Weiden. Darüber hinaus werden sie nur mit ökologischem, gentechnikfreiem Futter gefüttert. Das Ländle Gütesiegel garantiert höchste Produktsicherheit durch laufende Qualitätskontrollen und eine lückenlose Rückverfolgbarkeit. Geschlachtet und fachmännisch zerlegt vom Vorarlberger Metzger garantiert jedes Stück vom Sutterlüty’s Ländle Bio-Rind beste Fleischqualität aus der Region und b’sundrig zarten Genuss."
Fleisch,Rind,SUTTERLÜTY'S RUMP STEAK,"Traditionsmetzgerei Broger, Bizau",Ländle Pur,,"Sutterlüty’s Ländle Bio-Rinder sind echte Vorarlberger: Sie werden hier geboren und wachsen unter strengen Kontrollen auf kleinen Vorarlberger Bio-Bauernhöfen wie jenem von Reinhold Kräutler in Koblach auf. Hier genießen die Rinder eine tierwohlgerechte Haltung mit mindestens 200 Tagen freiem Auslauf. Im Sommer grasen die Tiere auf saftigen Weiden. Darüber hinaus werden sie nur mit ökologischem, gentechnikfreiem Futter gefüttert. Das Ländle Gütesiegel garantiert höchste Produktsicherheit durch laufende Qualitätskontrollen und eine lückenlose Rückverfolgbarkeit. Geschlachtet und fachmännisch zerlegt vom Vorarlberger Metzger garantiert jedes Stück vom Sutterlüty’s Ländle Bio-Rind beste Fleischqualität aus der Region und b’sundrig zarten Genuss."
Fleisch,Schwein,SUTTERLÜTY'S SCHWEINEKARREESTEAK,"Traditionsmetzgerei Broger, Bizau",Us'm Ländle,,"Für die kleinen Bauernhöfe, auf denen Sutterlüty’s Ländle Schweine aufwachsen, steht das Tierwohl an oberster Stelle: großzügige Ställe mit Tageslicht, eingestreuten Liegeflächen und tierfreundlichen Wühl- und Beschäftigungsmöglichkeiten sind ebenso selbstverständlich wie gentechnikfreies Futter. Einer dieser Höfe ist der von Andreas Hartmann in Feldkirch. Dort freuen sich die Schweine zudem über Auslauf ins Freie. Die Ferkel werden in Vorarlberg oder in Österreich geboren. Das Ländle Gütesiegel garantiert höchste Produktsicherheit durch laufende Qualitätskontrollen und eine lückenlose Rückverfolgbarkeit. Geschlachtet und fachmännisch zerlegt vom Vorarlberger Metzger garantiert jedes Stück vom Sutterlüty’s Ländle Schwein beste Fleischqualität und b’sundrig feinen Genuss."
Fleisch,Schwein,SUTTERLÜTY'S SCHWEINERAGOUT,"Traditionsmetzgerei Broger, Bizau",Us'm Ländle,,"Für die kleinen Bauernhöfe, auf denen Sutterlüty’s Ländle Schweine aufwachsen, steht das Tierwohl an oberster Stelle: großzügige Ställe mit Tageslicht, eingestreuten Liegeflächen und tierfreundlichen Wühl- und Beschäftigungsmöglichkeiten sind ebenso selbstverständlich wie gentechnikfreies Futter. Einer dieser Höfe ist der von Andreas Hartmann in Feldkirch. Dort freuen sich die Schweine zudem über Auslauf ins Freie. Die Ferkel werden in Vorarlberg oder in Österreich geboren. Das Ländle Gütesiegel garantiert höchste Produktsicherheit durch laufende Qualitätskontrollen und eine lückenlose Rückverfolgbarkeit. Geschlachtet und fachmännisch zerlegt vom Vorarlberger Metzger garantiert jedes Stück vom Sutterlüty’s Ländle Schwein beste Fleischqualität und b’sundrig feinen Genuss."
Fleisch,Schwein,SUTTERLÜTY'S SCHWEINESCHNITZEL,"Traditionsmetzgerei Broger, Bizau",Us'm Ländle,,"Für die kleinen Bauernhöfe, auf denen Sutterlüty’s Ländle Schweine aufwachsen, steht das Tierwohl an oberster Stelle: großzügige Ställe mit Tageslicht, eingestreuten Liegeflächen und tierfreundlichen Wühl- und Beschäftigungsmöglichkeiten sind ebenso selbstverständlich wie gentechnikfreies Futter. Einer dieser Höfe ist der von Andreas Hartmann in Feldkirch. Dort freuen sich die Schweine zudem über Auslauf ins Freie. Die Ferkel werden in Vorarlberg oder in Österreich geboren. Das Ländle Gütesiegel garantiert höchste Produktsicherheit durch laufende Qualitätskontrollen und eine lückenlose Rückverfolgbarkeit. Geschlachtet und fachmännisch zerlegt vom Vorarlberger Metzger garantiert jedes Stück vom Sutterlüty’s Ländle Schwein beste Fleischqualität und b’sundrig feinen Genuss."
,,,,,,
,,,,,,
,,,,,,
Wurstwaren,Hartwurst,SUTTERLÜTY'S BERGLAMMBEISSER,"Traditionsmetzgerei Broger, Bizau",Ländle Pur,,"Sutterlüty‘s Berglamm-Beißer sind eine würzige Spezialität, die das Beste aus Vorarlberg vereinen – beste Zutaten, regionale Zusammenarbeit und handwerkliches Können. Das hochwertige Fleisch stammt von 50 Vorarlberger Bauernhöfen. Ihre Herden grasen über dem Großen Walsertal und dem Walgau die Steilhänge bis 2.000 m hinauf. Die Bizauer Traditions-Metzgerei Broger veredelt das 100 % Ländle Lammfleisch in traditioneller Handarbeit. Eine überlieferte Würzmischung, leichtes Räuchern über Buchenholz und anschließendes Lufttrocknen sind ihr Beitrag für das b'sundrig feine Aroma."
Wurstwaren,Hartwurst,SUTTERLÜTY'S BIO ALPWURZEN,"Traditionsmetzgerei Broger, Bizau",Ländle Pur,,Die Bizauer Traditions-Metzgerei Broger stellt die Sutterlüty‘s Bio-Alpwurzen noch nach altem Familienrezept her. Aus bestem heimischem Fleisch vom Vorarlberger Bio-Weiderind. Gewürzt werden die Bio-Alpwurzen mit einer traditionellen Würzmischung aus natürlichen Kräutern und Gewürzen. Ein b‘sundriger Genuss auf jedem Jausenbrett! 
Wurstwaren,Hartwurst,SUTTERLÜTY'S BIO KAMINWURZEN,"Traditionsmetzgerei Broger, Bizau",Ländle Pur,,Die Bizauer Traditions-Metzgerei Broger stellt Sutterlüty’s Bio-Kaminwurzen noch nach altem Familienrezept her. Aus bestem heimischem Fleisch vom Vorarlberger Bio-Weiderind. Gewürzt werden die Bio-Kaminwurzen mit einer traditionellen Würzmischung aus natürlichen Kräutern und Gewürzen. Ein b’sundriger Genuss auf jedem Jausenbrett!
Wurstwaren,Hartwurst,SUTTERLÜTY'S BIO LANDJÄGER,"Traditionsmetzgerei Broger, Bizau",Ländle Pur,,In der Traditions-Metzgerei Broger in Bizau versteht man sein Handwerk noch. Dort werden Sutterlüty's Bio-Landjäger nach altbewährtem Rezept hergestellt. Aus bestem heimischem Fleisch vom Vorarlberger Bio-Weiderind. Verfeinert werden die Landjäger mit reinen Naturgewürzen. Und das Räuchern über echtem Buchenholzrauch sorgt für das b'sundrig feine Aroma.
Wurstwaren,Hartwurst,SUTTERLÜTY'S BIO SALAMI,"Traditionsmetzgerei Broger, Bizau",Ländle Pur,,Sutterlüty‘s Bio-Salami wird in der Bizauer Traditions-Metzgerei Broger noch vom Meistermetzger persönlich mit viel handwerklichem Geschick hergestellt. Aus bestem heimischem Fleisch vom Vorarlberger Bio-Weiderind. Verfeinert wird die Ländle-Salami mit reinen Naturgewürzen. Ihr b‘sundriges Aroma entfaltet sie übrigens hauchdünn geschnitten am besten!
Wurstwaren,Wurst,SUTTERLÜTY'S LÄNDLE GEFLÜGELKAISER,"Karl Heinz Karu, Sulzberg",Us'm Ländle,,"Für diese b’sundrige Dauerwurst verwendet Karl Heinz Karu ausschließlich Hühnerfleisch von seinem eigenen Hof in Sulzberg. Denn hier, weiß er, wachsen die echten Wälderhennele in einem modernen Stall mit genügend Platz, natürlichem Einstreu aus Weichholzspänen und viel Tageslicht auf. Gefüttert werden sie mit reinem Getreide. Das schmeckt den Hühnern und macht obendrein das Fleisch wunderbar zart und aromatisch. In der hauseigenen Metzgerei werden die Fleischstücke nur noch mit ausgesuchten Gewürzen und etwas Salz verfeinert. Anschließend wird die Wurst über Buchenholz geräuchert und gebraten. Nach ein paar Tagen Ruhezeit haben Sutterlüty’s Geflügelkaiser ihren Geschmack voll entfaltet und sind ein b’sundrig leichter Genuss ganz ohne Schweinefleisch."
,,,,,,
,,,,,,
,,,,,,
Grundnahrungsmittel,Getreide  ,SUTTERLÜTY'S RHEINTALER RIEBEL,"Dietrich - Vorarlberger Kostbarkeiten, Lauterach",Ländle Pur,,"Riebelmais wird in Vorarlberg seit über 350 Jahren gegessen. Sutterlüty`s echter Rheintaler Riebel ist eine Wiederentdeckung alter, fast vergessener Landsorten. Seit einigen Jahren werden diese von Richard Dietrich und einer Handvoll Vorarlberger Bauern neu kultiviert. Die Ernte ist so b`sundrig, dass es sich lohnt die traditionellen Vorarlberger Speisen Riebel, Stopfer oder Hafaloab neu zu entdecken. Ein wertvolles Vollkornprodukt mit Schalenteilen und Keimlingen - das ist der echte Riebel, wie er den Vorarlbergern seit jeher schmeckt."
,,,,,,
,,,,,,
,,,,,,
Käse,Hartkäse,SUTTERLÜTY'S ALPKÄSE,"Alpe Vorderüntschen, Schoppernau",Ländle Pur,,"Auf den Bregenzerwälder Alpen wächst eine einzigartige Vielfalt an Kräutern und Gräsern. Das schmeckt man auch in diesem b’sundrigen Rohmilch-Käse, der direkt auf der Alpe Vorderüntschen in Schoppenau gekäst wird."
Käse,Hartkäse,SUTTERLÜTY'S URSALZKÄSE,"Furore, Götzis",Ländle Pur,,"Der b’sundrigs feine Geschmack von Sutterlüty’s Ursalzkäse entsteht durch die silofreie Bregenzerwälder Frischmilch, echtes Ursalz und Rotkulturen. Und natürlich durch die traditionelle, händische Pflege der Meisterkäser von Furore aus Götzis während der 3-monatigen Reifezeit."
Käse,Hartkäse,SUTTERLÜTY'S BERGKÄSE MILD 3 MONATE,"Sennhaus Oberdorf, Bezau",Ländle Pur,,"Der Bregenzerwälder Bergkäse ist zu Recht berühmt. Und dieser hier ist ganz was B’sundrigs! Er wird in kleinen Dorfsennereien ausschließlich aus silofreier Bregenzerwälder Heumilch gekäst. Danach reift er mindestens 3 Monate im Bregenzerwälder Käsekeller, bis er sein mildes Aroma entwickelt."
Käse,Hartkäse,SUTTERLÜTY'S BERGKÄSE MILD 3 MONATE,"Sennerei Lingenau, Lingenau",Ländle Pur,,
Käse,Hartkäse,SUTTERLÜTY'S BERGKÄSE MILD 3 MONATE,"Sennerei Riefensberg, Riefensberg",Ländle Pur,,
Käse,Hartkäse,SUTTERLÜTY'S BERGKÄSE ZWICKEL MILD 3 MONATE,"Sennhaus Oberdorf, Bezau",Ländle Pur,,
Käse,Hartkäse,SUTTERLÜTY'S BERGKÄSE ZWICKEL MILD 3 MONATE,"Sennerei Riefensberg, Riefensberg",Ländle Pur,,
Käse,Hartkäse,SUTTERLÜTY'S BERGKÄSE ZWICKEL MILD 3 MONATE,"Sennerei Lingenau, Lingenau",Ländle Pur,,
Käse,Hartkäse,SUTTERLÜTY'S BERGKÄSE WÜRZIG 6 MONATE,"Sennhaus Oberdorf, Bezau",Ländle Pur,,"Der Bregenzerwälder Bergkäse ist zu Recht berühmt. Und dieser hier ist ganz was B’sundrigs! Er wird in kleinen Dorfsennereien ausschließlich aus silofreier Bregenzerwälder Heumilch gekäst. Danach reift er 6 Monate im Bregenzerwälder Käsekeller, bis er sein würziges Aroma entwickelt."
Käse,Hartkäse,SUTTERLÜTY'S BERGKÄSE WÜRZIG 6 MONATE,"Sennerei Lingenau, Lingenau",Ländle Pur,,
Käse,Hartkäse,SUTTERLÜTY'S BERGKÄSE WÜRZIG 6 MONATE,"Sennerei Riefensberg, Riefensberg",Ländle Pur,,
Käse,Hartkäse,SUTTERLÜTY'S BERGKÄSE ZWICKEL WÜRZIG 6 MONATE,"Sennhaus Oberdorf, Bezau",Ländle Pur,,
Käse,Hartkäse,SUTTERLÜTY'S BERGKÄSE ZWICKEL WÜRZIG 6 MONATE,"Sennerei Lingenau, Lingenau",Ländle Pur,,
Käse,Hartkäse,SUTTERLÜTY'S BERGKÄSE ZWICKEL WÜRZIG 6 MONATE,"Sennerei Riefensberg, Riefensberg",Ländle Pur,,
Käse,Hartkäse,SUTTERLÜTY'S BERGKÄSE WÜRZIG 8 MONATE,"Sennhaus Oberdorf, Bezau",Ländle Pur,,"Der Bregenzerwälder Bergkäse ist zu Recht berühmt. Und dieser hier ist ganz was B’sundrigs! Er wird in kleinen Dorfsennereien ausschließlich aus silofreier Bregenzerwälder Heumilch gekäst. Danach reift er 8 Monate im Bregenzerwälder Käsekeller, bis er sein würziges Aroma entwickelt."
Käse,Hartkäse,SUTTERLÜTY'S BERGKÄSE WÜRZIG 8 MONATE,"Sennerei Lingenau, Lingenau",Ländle Pur,,
Käse,Hartkäse,SUTTERLÜTY'S BERGKÄSE WÜRZIG 8 MONATE,"Sennerei Riefensberg, Riefensberg",Ländle Pur,,
Käse,Hartkäse,SUTTERLÜTY'S BERGKÄSE WÜRZIG 12 MONATE,"Sennhaus Oberdorf, Bezau",Ländle Pur,,"Der Bregenzerwälder Bergkäse ist zu Recht berühmt. Und dieser hier ist ganz was B’sundrigs! Er wird in kleinen Dorfsennereien ausschließlich aus silofreier Bregenzerwälder Heumilch gekäst. Danach reift er 12 Monate im Bregenzerwälder Käsekeller, bis er sein würziges Aroma entwickelt."
Käse,Hartkäse,SUTTERLÜTY'S BERGKÄSE WÜRZIG 12 MONATE,"Sennerei Lingenau, Lingenau",Ländle Pur,,
Käse,Hartkäse,SUTTERLÜTY'S BERGKÄSE WÜRZIG 12 MONATE,"Sennerei Riefensberg, Riefensberg",Ländle Pur,,
Käse,Hartkäse,SUTTERLÜTY'S EMMENTALER,"Sennerei Lingenau, Lingenau",Ländle Pur,,"Der Bregenzerwälder Emmentaler aus der Sennerei Lingenau wird aus unbehandelter, silofreier Frischmilch gekäst. Selbst in der 10-wöchigen Reifezeit wird er nur von Hand gepflegt. Deshalb schmeckt er so b’sundrig süßlich-herb bis nussig."
Käse,Schnittkäse,SUTTERLÜTY'S HEUMILCHKÄSE PAPRIKA-CHILI,"Käse Moosbrugger, Mäder",Ländle Pur,,"Dieser fein-würzige Schnittkäse wird mit großer Sorgfalt in einer kleinen Wälder Dorfsennerei gekäst. Mit viel Zeit, mit Liebe und aus reiner 
Bregenzerwälder Heumilch. Nach etwa drei Monaten ist er fertig gereift und seine mit einzigartigen Zutaten verfeinerte, essbare Rinde 
entfaltet ihren b’sundrigen Geschmack. Seien es ausgewählte Alpenkräuter, feine essbare Blüten, pikante Paprika mit feurigem Chili oder 
mediterrane Tomate mit Basilikum – da ist für jeden Käseliebhaber etwas dabei."
Käse,Schnittkäse,SUTTERLÜTY'S HEUMILCHKÄSE ALPENKRÄUTER,"Käse Moosbrugger, Mäder",Ländle Pur,,"Dieser fein-würzige Schnittkäse wird mit großer Sorgfalt in einer kleinen Wälder Dorfsennerei gekäst. Mit viel Zeit, mit Liebe und aus reiner 
Bregenzerwälder Heumilch. Nach etwa drei Monaten ist er fertig gereift und seine mit einzigartigen Zutaten verfeinerte, essbare Rinde 
entfaltet ihren b’sundrigen Geschmack. Seien es ausgewählte Alpenkräuter, feine essbare Blüten, pikante Paprika mit feurigem Chili oder 
mediterrane Tomate mit Basilikum – da ist für jeden Käseliebhaber etwas dabei."
Käse,Schnittkäse,SUTTERLÜTY'S HEUMILCHKÄSE BLÜTENZAUBER,"Käse Moosbrugger, Mäder",Ländle Pur,,"Dieser fein-würzige Schnittkäse wird mit großer Sorgfalt in einer kleinen Wälder Dorfsennerei gekäst. Mit viel Zeit, mit Liebe und aus reiner 
Bregenzerwälder Heumilch. Nach etwa drei Monaten ist er fertig gereift und seine mit einzigartigen Zutaten verfeinerte, essbare Rinde 
entfaltet ihren b’sundrigen Geschmack. Seien es ausgewählte Alpenkräuter, feine essbare Blüten, pikante Paprika mit feurigem Chili oder 
mediterrane Tomate mit Basilikum – da ist für jeden Käseliebhaber etwas dabei."
Käse,Schnittkäse,SUTTERLÜTY'S HEUMILCHKÄSE TOMATE-BASILIKUM,"Käse Moosbrugger, Mäder",Ländle Pur,,"Dieser fein-würzige Schnittkäse wird mit großer Sorgfalt in einer kleinen Wälder Dorfsennerei gekäst. Mit viel Zeit, mit Liebe und aus reiner 
Bregenzerwälder Heumilch. Nach etwa drei Monaten ist er fertig gereift und seine mit einzigartigen Zutaten verfeinerte, essbare Rinde 
entfaltet ihren b’sundrigen Geschmack. Seien es ausgewählte Alpenkräuter, feine essbare Blüten, pikante Paprika mit feurigem Chili oder 
mediterrane Tomate mit Basilikum – da ist für jeden Käseliebhaber etwas dabei."
Käse,Schnittkäse,SUTTERLÜTY'S SCHNITTKÄSE,"Langenegger Dorfsennerei, Langenegg",Ländle Pur,,Dieser Schnittkäse in Laibform wird von der Dorfsennerei Langenegg im Bregenzerwald auf traditionelle Art hergestellt. Verwendet wird ausschließlich silofreie Heumilch aus der Region. Während der zweieinhalb Monate Reifezeit wird der Käse von Meistern ihres Fachs gepflegt. Dabei entwickelt der Bregenzerwälder Schnittkäse sein typisches nussigwürziges Aroma. Ein besonderes Geschmackserlebnis für alle Käsegenießer.
Käse,Spezialitäten,SUTTERLÜTY'S ALPZIEGER,"Käse Moosbrugger, Mäder",Ländle Pur,,"Alpzieger ist eine ganz b’sundrige Art Topfen, die es so nur bei uns im Ländle gibt. Seine intensive Farbe und den würzigen Geschmack
verdankt er dem Schabzieger-Klee, auch Ziegerkraut genannt, und Kümmel."
Käse,Spezialitäten,SUTTERLÜTY'S BREGENZERWÄLDER RÄSSKÄSE,"Sennerei Andelsbuch, Andelsbuch",Ländle Pur,,"Sutterlüty’s Räßkäse ist ein Räßkäse, wie man ihn von früher her kennt. B`sundrig kräftig und würzig! Zur Herstellung wird silofreie Frischmilch verwendet. Die Andelsbucher Dorfsennerei käst daraus in reiner Handarbeit diese Vorarlberger Spezialität. Danach wird Sutterlüty`s Räßkäse über 7 Monate von Hand gepflegt und gereift. Dabei entsteht unter der essbaren Rinde sein unverwechselbares Aroma."
Käse,Weichkäse,SUTTERLÜTY'S BIO HEUMILCH CAMEMBERT,"Feinkäserei Bantel, Möggers",Ländle Pur,,"Seit 1886 werden in der Feinkäserei Bantel in Möggers über die Landesgrenzen hinaus beliebte Käsespezialitäten nach traditionellen Rezepten hergestellt. Mit bester Ländle Bio-Heumilch, ausgesuchten Käsekulturen und jahrzehntelanger Erfahrung käsen die Gebrüder Bantel exklusiv für Sutterlüty einen Camembert, wie man ihn nur noch selten findet: Sutterlüty Bio-Heumilch Camembert mit natürlichem Fettgehalt – ein b’sundrig cremiges Geschmackserlebnis."
Käse,Ziege & Schaf,SUTTERLÜTY'S VORARLBERGER ZIEGENKÄSE,"Dorfsennerei Schlins-Röns, Schlins",Ländle Pur,,"Dieser Ziegenschnittkäse wird aus 100 % reiner Ziegenmilch aus dem Walgau hergestellt. Der Meisterkäser der Dorfsennerei Schlins verarbeitet die frische Milch zu dieser Vorarlberger Käsespezialität. Nach 10 bis 14 Wochen entfaltet Sutterlüty’s Ziegenschnittkäse sein würzig-pikantes Aroma. Das ist so b’sundrig, dass der Käse schon mehrmals ausgezeichnet wurde."
Käse,Ziege & Schaf,SUTTERLÜTY'S WÄLDER EDELZIEGE ROT,"Käse Moosbrugger, Mäder",Ländle Pur,,"Dieser b’sundrige Käse stammt aus der Hofsennerei der Familie Metzler. Das Geheimnis seines Aromas sind die edlen Rotschmier-Kulturen, die 100 % reine Wälder Ziegenheumilch und eine Prise echtes Ursalz."
Käse,Ziege & Schaf,SUTTERLÜTY'S WÄLDER EDELZIEGE CAMEMBERT,"Käse Moosbrugger, Mäder",Ländle Pur,,Dieser Käse ist ein echtes Naturprodukt aus reiner Ziegenmilch aus dem Ländle und einer Prise Ursalz. Der von der Familie Metzler von Hand gekäste Camembert überzeugt Kenner durch seinen milden Geschmack und das b'sundrige Camembertaroma.
Käse,Ziege & Schaf,SUTTERLÜTY'S ZIEGENKÄSLE NATUR,"Metzler Käse-Molke, Egg",Ländle Pur,,Das Wälder Ziegenkäsle ist der Ursprung des Ziegenkäsesortiments von Metzler Molke. Die pasteurisierte Ziegenheumilch und gezielt ausgesuchte Säuerungskulturen verleihen ihm seinen charakteristischen aromatischen Geschmack. Der Ziegenkäse wird mit Ursalz verfeinert.
Käse,Ziege & Schaf,SUTTERLÜTY'S ZIEGENKÄSLE MIT KRÄUTERN IN ÖL,"Metzler Käse-Molke, Egg",Ländle Pur,,"In der vielfach ausgezeichneten Hofsennerei Metzler in Egg werden diese b´sundrigen Ziegenkäsle von Hand gekäst, 3 Wochen gereift und mit natürlichen Gewürzen in Öl eingelegt."
Käse,Ziege & Schaf,SUTTERLÜTY'S ZIEGENKÄSLE MIT CHILI IN ÖL,"Metzler Käse-Molke, Egg",Ländle Pur,,"In der vielfach ausgezeichneten Hofsennerei Metzler in Egg werden diese b´sundrigen Ziegenkäsle von Hand gekäst, 3 Wochen gereift und mit Chilli in Öl eingelegt."
Käse,Ziege & Schaf,SUTTERLÜTY'S ZIEGENKÄSLE MIT ERDNUSS,"Metzler Käse-Molke, Egg",Ländle Pur,,"In der vielfach ausgezeichneten Hofsennerei Metzler in Egg werden diese b’sundrigen Ziegenkäsle von Hand gekäst. Nachdem sie drei Wochen gereift sind, werden die Ziegenkäsle mit natürlichen Gewürzen und mit ausgewählten Erdnüssen verfeinert und in Salzlake eingelegt."
Käse,Ziege & Schaf,SUTTERLÜTY'S ZIEGENBERGKÄSE,"Metzler Käse-Molke, Egg",Ländle Pur,,Dieser Bergkäse aus 100 % Ziegen-Heumilch wird in der Hofsennerei Metzler in Egg von Hand gekäst und ist auch für Kuhmilch-Allergiker bekömmlich. Mindestens sechs Monate Reifezeit verleiht diesem reinen Naturprodukt seinen b’sundrig würzigen Geschmack.
Käse,Ziege & Schaf,SUTTERLÜTY'S SCHAFKÄSE EINGELEGT MILD,"Schafmilchbetrieb Gmeiner, Bizau",Ländle Pur,,Für Familie Gmeiner in Bizau ist die artgerechte Haltung und silofreie Fütterung ihrer Schafe das Um und Auf. Die Tiere danken es ihnen mit einer völlig naturbelassenen Heumilch. Daraus entsteht in Handarbeit direkt am Hof ein natürlich würziger Schafkäse. Eingelegt in reines Rapsöl aus Österreich und verfeinert mit frischen Kräutern wird daraus eine b’sundrige Krönung für die Jause oder feinste Salate.
Käse,Ziege & Schaf,SUTTERLÜTY'S SCHAFKÄSE EINGELEGT PIKANT,"Schafmilchbetrieb Gmeiner, Bizau",Ländle Pur,,Für Familie Gmeiner in Bizau ist die artgerechte Haltung und silofreie Fütterung ihrer Schafe das Um und Auf. Die Tiere danken es ihnen mit einer völlig naturbelassenen Heumilch. Daraus entsteht in Handarbeit direkt am Hof ein natürlich würziger Schafkäse. Eingelegt in reines Rapsöl aus Österreich und verfeinert mit feurigem Chili wird daraus eine b’sundrige Krönung für die Jause oder feinste Salate.
Käse,Ziege & Schaf,SUTTERLÜTY'S BREGENZERWÄLDER SCHAFKÄSLE,"Schafmilchbetrieb Gmeiner, Bizau",Ländle Pur,,Sutterlüty’s Schafskäsle werden von Familie Gmeiner in Bizau in traditioneller Handarbeit und aus 100 % Bregenzerwälder Schafmilch hergestellt. Gepflegt werden die Käsle mit Ursalz. Dadurch entwickeln sie ihren feinen Geschmack und sind ein b’sundriger Käsegenuss.
,,,,,,
,,,,,,
,,,,,,
Kompott & Fruchtmus,,SUTTERLÜTY'S LÄNDLE HOLDERMUS,"Dietrich - Vorarlberger Kostbarkeiten, Lauterach",Us'm Ländle,,"Die handgepflückten Holderbeeren für dieses feine Holdermus stammen ausschließlich aus dem Rheindelta. In der Dietrich-Kostbarkeiten-Manufaktur in Lauterach werden die Beeren abgerebelt und nach traditionellem Rezept nur mit etwas Zucker und ohne künstliche Konservierungsstoffe eingekocht. Sutterlüty’s Holdermus ist ein b’sundriger Genuss. Zum echten Rheintaler Riebel, ins Joghurt oder pur zum Löffeln."
Kompott & Fruchtmus,,SUTTERLÜTY'S ZWETSCHGENKOMPOTT,"Familie Hirscher, Meckenbeuren",,,"Die handverlesenen Früchte der alten Zwetschkensorte Fellenberger wandern vom eigenen Obstgarten praktisch direkt ins Glas.
Die fruchtigen Sutterlüty’s Kompotte werden nach altem Hausrezept von Waltraud Hirscher in Meckenbeuren aus eigenen Früchten gekocht. Die handverlesenen Früchte wandern vom eigenen Obstgarten praktisch direkt ins Glas. Denn der alteingesessene Familienbetrieb verarbeitet seine Früchte sofort nach der Ernte am eigenen Hof. Deshalb schmecken Sutterlüty’s Kompotte wie selbst gemacht."
Kompott & Fruchtmus,,SUTTERLÜTY'S MIRABELLENKOMPOTT,"Familie Hirscher, Meckenbeuren",,,"Sonnengereifte Mirabellen vom eigenen Hof als feines Kompott schonend haltbar gemacht.
Die fruchtigen Sutterlüty’s Kompotte werden nach altem Hausrezept von Waltraud Hirscher in Meckenbeuren aus eigenen Früchten gekocht. Die handverlesenen Früchte wandern vom eigenen Obstgarten praktisch direkt ins Glas. Denn der alteingesessene Familienbetrieb verarbeitet seine Früchte sofort nach der Ernte am eigenen Hof. Deshalb schmecken Sutterlüty’s Kompotte wie selbst gemacht."
Kompott & Fruchtmus,,SUTTERLÜTY'S APFELMUS,"Familie Hirscher, Meckenbeuren",,,Äpfel vom Bodensee sind weit über die Region berühmt. Aber die schönsten Jonagold Äpfel der Familie Hirscher kommen trotzdem nicht weit herum. Sie werden fein püriert und wandern als Sutterlüty’s Apfelmus ins Glas. So wie zu Omas Zeiten werden dafür nur die besten Äpfel mit ein paar Löffeln Zucker für den Geschmack und etwas Zitronensäure verwendet. Deshalb schmeckt Sutterlüty’s Apfelmus so b’sundrig aromatisch nach Äpfeln und sonst nichts.
,,,,,,
,,,,,,
,,,,,,
Süße Aufstriche,Gelee,SUTTERLÜTY'S APFELGELEE,"Söhmsen's Manufaktur, Dornbirn",Us'm Ländle,,Sutterlüty’s Apfelgelee wird nach einem Hausrezept von Wolfgang Sohm in Dornbirn aus naturtrübem Direktsaft von handverlesenen Ländle Äpfeln und Gelierzucker hergestellt. Der Sortenreichtum der Vorarlberger Streuobstwiesen sorgt für die Aromenvielfalt und ein feines Spiel von Süße und Säure. Deshalb ist Sutterlüty’s Apfelgelee ein b’sundriger Genuss auf jedem Frühstücksbrot.
Süße Aufstriche,Gelee,SUTTERLÜTY'S SCHWARZES JOHANNISBEERGELEE,"Söhmsen's Manufaktur, Dornbirn",Us'm Ländle,,Sutterlüty’s Schwarze Johannisbeer-Gelee wird von Wolfgang Sohm in Dornbirn noch genauso wie früher nach einem alten Hausrezept hergestellt. Dafür werden Schwarze Johannisbeeren aus der Bodenseeregion gepresst und der reine Saft mit Gelierzucker eingekocht. Die fruchtige Note der Beeren macht Sutterlüty’s Schwarze Johannisbeer-Gelee zu einem b’sundrigen Genuss auf jedem Frühstücksbrot.
Süße Aufstriche,Honig,SUTTERLÜTY'S CREMEHONIG,"Ferdl Herburger, Sulzberg",Ländle Pur,,"Sutterlüty’s Frühlingsblüten Cremehonig ist die wahrscheinlich feinste Art Blütenhonig zu genießen. Der Sulzberger Wanderimker Ferdl Herburger rührt dafür seinen einzigartigen Vorarlberger Blütenhonig über mehrere Tage alle vier Stunden für einige Minuten. So lange, bis daraus feinster Cremehonig entsteht. Das macht Sutterlüty’s Frühlingsblüten Cremehonig in jeder Hinsicht b’sundrig. Er schmeckt unglaublich cremig und fein nach den Aromen einer Frühlingswiese. Außerdem lässt er sich wunderbar streichen ohne zu tropfen."
Süße Aufstriche,Honig,SUTTERLÜTY'S WALDHONIG (BREGENZERWALD),"Ferdl Herburger, Sulzberg",Ländle Pur,,Dieser Waldhonig stammt aus dem vorderen Bregenzerwald. Dort sammeln die Bienen des Sulzberger Wanderimkers Ferdl Herburger auf rund 1000 Metern Höhe den Honigtau auf den Weißtannen und Fichten. Aus diesem Honigtau entsteht der extra dunkle Ländle Waldhonig mit b’sundrig kräftigem Aroma.
Süße Aufstriche,Honig,SUTTERLÜTY'S WALDHONIG (WALGAU),"Honig Obmann, Nenzing",Ländle Pur,,Dieser naturreine Ländle Waldhonig stammt aus dem Walgau und dem Großen Walsertal. Dort sammeln die Bienen in den naturbelassenen Bergen und Wäldern auf rund 700 Metern Seehöhe den Honigtau auf den Laub- und Nadelbäumen. Daraus entsteht dann der extra dunkle Ländle Waldhonig mit b’sundrigs kräftigem Aroma.
Süße Aufstriche,Honig,SUTTERLÜTY'S BIO TANNENWIPFELE CREME,"Naturreich, Grossdorf",Us'm Ländle,,Für Sutterlüty’s Bio Tannenwipfel Creme kocht Wildkräuterexperte Reiner Metzler ausgesuchte Bio Tannenwipfel aus zertifizierter Wildsammlung über mehrere Tage schonend mit österreichischem Bio Rübenzucker ein. Durch sorgfältiges Rühren erhält die Creme ihre streichfeine Konsistenz. Sutterlüty’s Bio Tannenwipfel Creme ist köstlich als Brotaufstrich und im Tee oder verdünnt als Saft eine b’sundrige Wohltat für Hals und Rachen.
Süße Aufstriche,Honig,SUTTERLÜTY'S TANNENWIPFELE SIRUP,"Söhmsen's Manufaktur, Dornbirn",Us'm Ländle,,"Sutterlüty’s Tannenwipfelsirup, im Volksmund auch Tannenwipfelehonig genannt, ist ein köstlicher Brotaufstrich und eine b’sundrige Verfeinerung von Tees. Die handverlesenen Tannenwipfel werden von Wolfgang Sohm mehrere Tage mit braunem Zucker eingekocht. Dabei geben die Tannenwipfel ihr volles Aroma ab und machen Sutterlüty’s Tannenwipfelsirup zu einem b’sundrigen Genuss."
Süße Aufstriche,Marmelade,SUTTERLÜTY'S BROMBEER FRUCHTGENUSS,"Söhmsen's Manufaktur, Dornbirn",Us'm Ländle,,"Für diesen b`sundrig fruchtigen Fruchtaufstrich kommen nur sonnengereifte Brombeeren aus der Bodenseeregion ins Glas. Nach der Ernte werden die Beeren direkt in der kleinen Marmeladenküche von Wolfgang Sohm in Dornbirn, so wie früher in Handarbeit, eingekocht. Das Hausrezept besteht aus 70% Fruchtanteil und Gelierzucker. Sutterlüty`s Fruchtgenuss wird nur durch Erhitzen haltbar gemacht und kommt ganz ohne Konservierungsstoffe oder gar Geschmacksverstärker aus. Weil`s natürlich eben immer noch am besten schmeckt."
Süße Aufstriche,Marmelade,SUTTERLÜTY'S BROMBEER-HEIDELBEER FRUCHTGENUSS,"Söhmsen's Manufaktur, Dornbirn",Us'm Ländle,,"Für diesen b`sundrig fruchtigen Fruchtaufstrich kommen nur sonnengereifte Brombeeren und Heidelbeeren aus der Bodenseeregion ins Glas. Nach der Ernte werden die Beeren direkt in der kleinen Marmeladenküche von Wolfgang Sohm in Dornbirn, so wie früher in Handarbeit, nach einem Hausrezept mit 70% Fruchtanteil eingekocht. Weil`s natürlich eben immer noch am besten schmeckt."
Süße Aufstriche,Marmelade,SUTTERLÜTY'S ERDBEER FRUCHTGENUSS,"Söhmsen's Manufaktur, Dornbirn",Us'm Ländle,,"Für diesen b’sundrig fruchtigen Fruchtaufstrich kommen nur sonnengereifte Erdbeeren aus der Bodenseeregion ins Glas. Nach der Ernte werden die Früchte in der kleinen Marmeladenküche von Wolfgang Sohm in Dornbirn, so wie früher in Handarbeit, eingekocht. Das Hausrezept besteht aus 70% Fruchtanteil, Gelierzucker und sonst nichts. Weil es eben ganz natürlich am besten schmeckt!"
Süße Aufstriche,Marmelade,SUTTERLÜTY'S HEIDELBEER FRUCHTGENUSS,"Söhmsen's Manufaktur, Dornbirn",Us'm Ländle,,"Für diesen b’sundrig fruchtigen Fruchtaufstrich kommen nur sonnengereifte Heidelbeeren aus der Bodenseeregion ins Glas. Nach der Ernte werden die Früchte in der kleinen Marmeladenküche von Wolfgang Sohm in Dornbirn, so wie früher in Handarbeit, eingekocht. Das Hausrezept besteht aus 70% Fruchtanteil, Gelierzucker und sonst nichts. Weil es eben ganz natürlich am besten schmeckt!"
Süße Aufstriche,Marmelade,SUTTERLÜTY'S ERDBEER-HIMBEERE FRUCHTGENUSS,"Söhmsen's Manufaktur, Dornbirn",Us'm Ländle,,"Für diesen b’sundrig fruchtigen Fruchtaufstrich kommen nur sonnengereifte Erdbeeren und Himbeeren aus der Bodenseeregion ins Glas. Nach der Ernte werden die Früchte in der kleinen Marmeladenküche von Wolfgang Sohm in Dornbirn, so wie früher in Handarbeit, eingekocht. Das Hausrezept besteht aus 70% Fruchtanteil, Gelierzucker und sonst nichts. Weil es eben ganz natürlich am besten schmeckt!"
Süße Aufstriche,Marmelade,SUTTERLÜTY'S HIMBEER FRUCHTGENUSS,"Söhmsen's Manufaktur, Dornbirn",Us'm Ländle,,"Für diesen b`sundrig fruchtigen Fruchtaufstrich kommen nur sonnengereifte Himbeeren aus der Bodenseeregion ins Glas. Nach der Ernte werden die Früchte in der kleinen Marmeladenküche von Wolfgang Sohm in Dornbirn, so wie früher in Handarbeit, eingekocht. Das Hausrezept besteht aus 70% Fruchtanteil, Gelierzucker und sonst nichts. Weil es eben ganz natürlich am besten schmeckt!"
Süße Aufstriche,Marmelade,SUTTERLÜTY'S HIMBEERE-ERDBEERE-HEIDELBEERE FRUCHTGENUSS,"Söhmsen's Manufaktur, Dornbirn",Us'm Ländle,,"Für diesen b`sundrig fruchtigen Fruchtaufstrich kommen nur sonnengereifte Himbeeren, Erdbeeren und Heidelbeeren aus der Bodenseeregion ins Glas. Nach der Ernte werden die Beeren in der kleinen Marmeladenküche von Wolfgang Sohm in Dornbirn, so wie früher in Handarbeit, nach einem Hausrezept mit 70% Fruchtanteil eingekocht. Weil es eben ganz natürlich am besten schmeckt!"
Süße Aufstriche,Marmelade,SUTTERLÜTY'S JOHANNISBEER FRUCHTGENUSS,"Söhmsen's Manufaktur, Dornbirn",Us'm Ländle,,"Für diesen b’sundrig fruchtigen Fruchtaufstrich kommen nur sonnengereifte Johannisbeeren aus der Bodenseeregion ins Glas. Nach der Ernte werden die Früchte in der kleinen Marmeladenküche von Wolfgang Sohm in Dornbirn, so wie früher in Handarbeit, eingekocht. Das Hausrezept besteht aus 70% Fruchtanteil, Gelierzucker und sonst nichts. Weil es eben ganz natürlich am besten schmeckt!"
Süße Aufstriche,Marmelade,SUTTERLÜTY'S KORNELKIRSCHEN FRUCHTGENUSS,"Söhmsen's Manufaktur, Dornbirn",Us'm Ländle,,"Für diesen b`sundrig fruchtigen Fruchtaufstrich kommen nur handgepflückte Kornelkirschen aus dem Dornbirner Ried ins Glas. Nach der Ernte werden die auch als ""Dirndl"" bekannten Früchte direkt in der kleinen Marmeladenküche von Wolfgang Sohm in Dornbirn, so wie früher in Handarbeit, nach einem Hausrezept mit 70% Fruchtanteil eingekocht. Weil es eben ganz natürlich am besten schmeckt!"
Süße Aufstriche,Marmelade,SUTTERLÜTY'S ZWETSCHGEN FRUCHTGENUSS,"Söhmsen's Manufaktur, Dornbirn",Us'm Ländle,,"Für diesen b`sundrig fruchtigen Fruchtaufstrich kommen nur sonnengereifte Zwetschgen aus der Bodenseeregion ins Glas. Nach der Ernte werden die Früchte direkt in der kleinen Marmeladenküche von Wolfgang Sohm in Dornbirn, so wie früher in Handarbeit, eingekocht. Das Hausrezept besteht aus 70% Fruchtanteil und Gelierzucker. Sutterlüty`s Fruchtgenuss wird nur durch Erhitzen haltbar gemacht und kommt ganz ohne Konservierungsstoffe oder gar Geschmacksverstärker aus. Weil`s natürlich eben immer noch am besten schmeckt."
,,,,,,
,,,,,,
,,,,,,
Milchprodukte,Butter,SUTTERLÜTY'S ALPBUTTER,"Alpe Obere Falz, Egg-Schetteregg",Ländle Pur,,"Unsere Alpbutter wird so wie früher mit der Hand hergestellt – auf den Alpen Untere und Obere Falz in Egg-Schetteregg. Hier weiß man, worauf es beim Buttern ankommt: Die Milch! Die vielen Alpkräuter geben der Milch ein einzigartiges, natürliches Aroma. Und das macht die Alpbutter b’sundrig fein im Geschmack."
Milchprodukte,Butter,SUTTERLÜTY'S BREGENZERWÄLDER SENNBUTTER,"Sennerei Hittisau, Hittisau",Ländle Pur,,"Sutterlüty’s Bregenzerwälder Sennbutter kommt von der Sennerei Hittisau, wo man das Buttern noch als Handwerk versteht. Sie wird aus frischer, silofreier Milch hergestellt. Gebuttert wird auf traditionelle Weise im Butterfass– so lange, bis aus dem naturbelassenen Rahm beste Butter wird. Deshalb ist unsere Sennbutter ein b’sundriger Genuss."
Milchprodukte,Joghurt,SUTTERLÜTY'S SCHAFMILCHJOGHURT BROMBEER,"Schafmilchbetrieb Gmeiner, Bizau",Us'm Ländle,,"Sutterlüty`s Schafmilch Joghurt Brombeer wird von Brigitte und Thomas Gmeiner in Bizau von Hand gemacht. Sie verarbeiten zu 100% 
frische Bregenzerwälder Schafmilch und Brombeeren aus den Beerengärten von Martin Winder im Dornbirner Ried. Daraus zaubern sie 
ein Joghurt, wie es b`sundriger nicht sein könnte: fein natürlich im Geschmack, unglaublich cremig und mit vollreifen, süßen Brombeeren verfeinert."
Milchprodukte,Joghurt,SUTTERLÜTY'S SCHAFMILCHJOGHURT ERDBEER,"Schafmilchbetrieb Gmeiner, Bizau",Us'm Ländle,,Für das Sutterlüty`s Schafmilch Joghurt Erdbeer verarbeiten Brigitte und Thomas Gmeiner in Bizau von Hand 100% frische Bregenzerwälder Schafmilch und Erdbeeren aus den Beerengärten von Martin Winder im Dornbirner Ried.
Milchprodukte,Joghurt,SUTTERLÜTY'S SCHAFMILCHJOGHURT HIMBEER,"Schafmilchbetrieb Gmeiner, Bizau",Us'm Ländle,,Sutterlüty`s Schafmilch Joghurt Himbeer wird von Brigitte und Thomas Gmeiner in Bizau von Hand gemacht. Sie verarbeiten frische Bregenzerwälder Schafmilch und Himbeeren aus den Beerengärten von Martin Winder im Dornbirner Ried zu einem unglaublich cremigen und natürlichen Joghurt.
Milchprodukte,Joghurt,SUTTERLÜTY'S SCHAFMILCHJOGHURT MARILLE,"Schafmilchbetrieb Gmeiner, Bizau",Us'm Ländle,,"Das Sutterlüty's Schafmilch Joghurt Marille wird von der Familie Gmeiner in Bizau aus 100 % frischer Bregenzerwälder Schafmilch und besten Marillen aus Österreich hergestellt. Fein natürlich im Geschmack, unglaublich cremig und mit vollreifen, süßen Marillen verfeinert."
Milchprodukte,Joghurt,SUTTERLÜTY'S SCHAFMILCHJOGHURT NATUR,"Schafmilchbetrieb Gmeiner, Bizau",Ländle Pur,,Sutterlüty's Bregenzerwälder Schafmilch Joghurt wird von Familie Gmeiner in Bizau frisch von Hand gemacht. Sie verarbeiten dabei nur frische Bregenzerwälder Schafmilch und ausgesuchte Joghurt Kulturen. Daraus zaubern sie ein Joghurt wie es wohl kein zweites in Vorarlberg gibt: firsch und fein im Geschmack und b'sundrig cremig auf der Zunge.
Milchprodukte,Joghurt,SUTTERLÜTY'S SCHAFMILCHJOGHURT HASELNUSS,"Schafmilchbetrieb Gmeiner, Bizau",Us'm Ländle,,"Sutterlüty's Schafmilch Joghurt Haselnuss wird von Brigitte und Thomas Gmeiner in Bizau von Hand gemacht. Sie verarbeiten zu 100 % frische Bregenzerwälder Schafmilch und Haselnüsse von der Schweizer Firma Obermeilen. Daraus zaubern sie ein Joghurt, wie es b'sundriger nicht sein könnte: fein natürlich im Geschmack, unglaublich cremig und mit Haselnüssen verfeinert."
Milchprodukte,Joghurt,SUTTERLÜTY'S SCHAFMILCHJOGHURT MÜSLI,"Schafmilchbetrieb Gmeiner, Bizau",Us'm Ländle,,Das Sutterlüty's Schafmilch Joghurt Müsli wird von der Familie Gmeiner in Bizau aus 100 % frischer Bregenzerwälder Schafmilch und einen b'sundrigen Müsli Mix von der Schweizer Firma Obermeilen von Hand hergestellt.
Milchprodukte,Spezialitäten,SUTTERLÜTY'S ALPZIEGER,"Käse Moosbrugger, Mäder",Ländle Pur,,"Alpzieger ist eine ganz b’sundrige Art Topfen, die es so nur bei uns im Ländle gibt. Seine intensive Farbe und den würzigen Geschmack
verdankt er dem Schabzieger-Klee, auch Ziegerkraut genannt, und Kümmel."
,,,,,,
,,,,,,
,,,,,,
Obst & Gemüse,Gemüse,SUTTERLÜTY'S LÄNDLE SUPPENGRÜN,"Mahlerhof, Höchst",Ländle Pur,Ja ,"Das Suppengrün vom Mahlerhof in Höchst ist zu 100% Ländle Pur. Egal ob Karotten, Sellerie, Lauch  oder Petersilie - alle Zutaten kommen direkt vom Feld frisch in die Sutterlüty Ländlemärkte und sorgen für eine b'sundrig gute und kräftige Brühe. "
Obst & Gemüse,Kräuter,Sutterlüty's Kräutertöpfle,"Mahlerhof, Höchst",Ländle Pur,,"Aromatisch auf der Zunge, hübsch fürs Auge! Sutterlüty’s Kräutertöpfle bringen die natürlichen Aromen und die Vielfalt des Gartens in die Küche. Sie wachsen ganz natürlich am Mahlerhof in Höchst in gesunden Böden nahe dem Bodenseeufer heran. So entwickeln die frischen Kräuter ein b’sundrig kräftiges Aroma und verfeinern jedes Gericht auf ganz natürliche Weise. Zusätzlich verleihen die satt-grünen Blättchen auch visuell jedem Teller das gewisse Etwas – denn das Auge isst ja bekanntlich mit. Die Sutterlüty’s Kräutertöpfle gibt es in verschiedenen Sorten – Petersilie, Rosmarien, Minze, Salbei und viele mehr – eine der Kräutersorten hat immer Saison und ist in den Sutterlüty Märkten erhältlich."
Obst & Gemüse,Obst,Sutterlüty's Fraxner Kriasi,"Kirschendorf, Fraxern",Ländle Pur,Ja ,"Mit den Fraxnern ist gut Kirschen essen. Denn die Sutterlüty’s Fraxner Kriasi sind ein ganz b’sundriger Genuss direkt aus der Region.
Sommerzeit ist Kirschenzeit bei Sutterlüty. Denn bei uns gibt es saisonal Kirschen direkt aus der Region – aus Fraxern um genau zu sein. 
Dort wird die b’sundrig aromatische „Große Schwarze“ angebaut. Nach dem Pflücken werden die Kirschen besonders schonend von 
Hand verlesen. So kommen die Kriasi in allerbestem Zustand in die Sutterlüty Ländlemärkte.
Rund, tiefrot und besonders aromatisch - das ist die b'sundrige ""Große Schwarze"" aus Fraxern. 
Handverlesen und nur zur Kirschernte erhältlich, schmeckt dieser Sommergenuss ganz besonders."
Obst & Gemüse,Obst,Sutterlüty's Heidelbeeren,"Rheintalbeeren Sohm, Lauterach",Ländle Pur,Ja ,Wunderbar und doch natürlich – Sutterlüty’s Heidelbeeren sind ein unvergleichlich naturbelassenes Geschmackserlebnis. Das Lauteracher Ried ist die Heimat für die Ländle Heidelbeeren von Familie Sohm. Dort bauen sie ihre Beeren bei idealem Klima an. Dabei wird zu 100% auf die Verwendung von Spritzmittel verzichtet. Der natürliche Anbau und die täglich frische Ernte garantieren für ein echtes und naturbelassenes Geschmackserlebnis. Eben was ganz B’sundrigs.
Obst & Gemüse,Trockenfrüchte,SUTTERLÜTY'S GETROCKNETE BAYA MARISA ÄPFEL,"Schobel Höchstgenuss, Höchst",Us'm Ländle,,"Ein ganz natürlicher, sortenreiner Genuss: die getrockneten Baya Marisa Äpfel von Schobel Höchstgenuss, direkt vom Bodensee."
Obst & Gemüse,Trockenfrüchte,SUTTERLÜTY'S GETROCKNETE GALA ÄPFEL,"Schobel Höchstgenuss, Höchst",Us'm Ländle,,"Für Sutterlüty’s getrocknete Gala Äpfel trocknet Harald Schobel nur handverlesene Gala Äpfel vom Bodensee in einem neuartigen, schonenden Verfahren."
Obst & Gemüse,Trockenfrüchte,SUTTERLÜTY'S GETROCKNETE JONAGOLD ÄPFEL,"Schobel Höchstgenuss, Höchst",Us'm Ländle,,Dank schonender Trocknung sind die handverlesenen Jonagold Äpfel von Harald Schobel ganz ohne Konservierungsstoffe haltbar.
Obst & Gemüse,Trockenfrüchte,SUTTERLÜTY'S GETROCKNETE WILLIAMS BIRNEN,"Schobel Höchstgenuss, Höchst",Ländle Pur,,"Harald Schobel trocknet nur handverlesene Williams Birnen aus Gaißau. Die süßlich-würzigen Früchte bestechen durch ihren aromatischen Geschmack und kommen ganz ohne künstliche Geschmackstoffe, Farb- oder Konservierungsmittel aus."
,,,,,,
,,,,,,
,,,,,,
"Essig, Öl, Senf, Dressing",Essig,SUTTERLÜTY'S APFEL-BIRNEN ESSIG,"Mosterei Kramml, Lustenau",Ländle Pur,,"Auf den Obstbäumen der Rheintaler Wiesen wachsen die Äpfel und Birnen, aus denen Andreas Krammel von der Mosterei Krammel in 
Lustenau den naturbelassenen Saft für Sutterlüty’s Essig presst. Auf ganz natürliche Weise wird der Most zu Apfel Birnen Essig vergoren. 
In alten Mostfässern reift dann ein b’sundrig fruchtiger Essig heran. Nach monatelanger Lagerung wird dieses Naturprodukt völlig 
unbehandelt und daher naturtrüb in Glasflaschen abgefüllt."
"Essig, Öl, Senf, Dressing",Essig,SUTTERLÜTY'S APFELESSIG,"Mosterei Kramml, Lustenau",Ländle Pur,,"Sutterlüty´s Apfelessig wird aus Vorarlberger Apfelwein hergestellt. Dieser wird schonend in einem zweiten Gärverfahren zu Apfelessig veredelt. Durch das natürliche absetzen nach der Oxidation bleiben Mineralien und Spurenelemente voll erhalten. Apfelssig ist in vielen Bereichen verwendbar: Vorspeisen, Hauptspeisen, Nachspeisen, körperliche Fitness und Reinigung."
"Essig, Öl, Senf, Dressing",Essig,SUTTERLÜTY'S APFEL-BIRNEN ESSIG MIT HIMBEEREN,"Mosterei Kramml, Lustenau",Ländle Pur,,"Für diesen b‘sundrig fruchtigen Essig setzt Andreas Krammel in seiner Mosterei in Lustenau nur reife Himbeeren aus dem Ländle mit seinem 
naturtrüben Apfel-Birnen-Essig aus Rheintaler Streuobst an. Weitere Zusätze braucht es dafür nicht. Der naturreine, fruchtige Essig verleiht 
Salaten, Suppen, Saucen und sogar Cocktails ganz natürlich eine b’sundrig beerige Note."
"Essig, Öl, Senf, Dressing",Essig,SUTTERLÜTY'S KRÄUTERESSIG,"Mosterei Kramml, Lustenau",Ländle Pur,,Für diesen b’sundrigen Kräuteressig setzt Andreas Krammel in seiner Mosterei in Lustenau zwölf verschiedene Kräuter in seinem berühmten naturtrüben Apfel-Birnen-Essig an. Nur noch mit ein bisschen Salz und Honig verfeinert verleiht der naturtrübe Sutterlüty’s Kräuteressig Salaten und auch Saucen eine b’sundrig fruchtig-milde Würze.
,,,,,,
,,,,,,
,,,,,,
Suppen & Einlagen,Einlagen,SUTTERLÜTY'S KALBSBRÄTKNÖDEL,"Traditionsmetzgerei Broger, Bizau",Us'm Ländle,,"Für Sutterlüty‘s Kalbsbrätknödel verarbeiten die Broger Metzgermeister nur bestes heimisches Kalbfleisch, Freilandeier vom Martinshof in Buch und Brösel von der Landbäckerei Hammerl. Dieses klare Bekenntnis zu Regionalität, die Sorgfalt in der Herstellung und die Qualität der Zutaten lassen eine b’sundrig feine Suppe im Handumdrehen gelingen."
Suppen & Einlagen,Einlagen,SUTTERLÜTY'S KALBSBRÄTSPÄTZLE,"Traditionsmetzgerei Broger, Bizau",Us'm Ländle,,"Sutterlüty’s hausgemachte Kalbsbrätspätzle werden in der Metzgerei Broger in Bizau aus bestem Kalbsbrät, Freilandeiern vom Martinshof in Buch und Bröseln von der Landbäckerei Hammerl zubereitet. So wie früher – ohne künstliche Konservierungsstoffe. Auch beim Kalbfleisch für das Brät macht Broger keine Kompromisse und vertraut auf Landwirte aus der Umgebung. Dieses klare Bekenntnis zu Regionalität, die sorgfältige Herstellung und beste Zutaten haben sich ein Ländle Herz verdient. Schließlich ist Tradition noch immer das beste Rezept, wenn’s b’sundrig schmecken soll."
Suppen & Einlagen,Einlagen,SUTTERLÜTY'S LEBERKNÖDEL,"Traditionsmetzgerei Broger, Bizau",Us'm Ländle,,"Sutterlüty’s Leberknödel werden aus feinsten Zutaten von der Metzgerei Broger in Bizau zubereitet. Nach alter Tradition von Hand und ohne künstliche Konservierungsstoffe und Geschmacksverstärker. Weil nur bestes Fleisch vom Rind und heimischen Kalb drinnen ist, gelingt im Handumdrehen eine b’sundrig feine Suppe."
Suppen & Einlagen,Einlagen,SUTTERLÜTY'S LEBERSPÄTZLE,"Traditionsmetzgerei Broger, Bizau",Us'm Ländle,,"Sutterlüty’s Leberspätzle werden von der Metzgerei Broger in Bizau nach überlieferter Rezeptur hergestellt. Ohne Geschmacksverstärker und ohne Konservierungsstoffe. Feinste Rinderleber und beste Zutaten sorgen dafür, dass Sie im Handumdrehen eine b’sundrige Spezialität im Teller haben."
,,,,,,
,,,,,,
,,,,,,
,,,,,,
Eis & Tiefkühlprodukte,Eis,SUTTERLÜTY'S EISGENUSS HEISSE LIEBE,"Dolce Vita Eis-Manufaktur, Hohenems",Us'm Ländle,,"Mit viel Liebe, Sorgfalt und Können zaubert Andrew Nussbaumer in seiner kleinen Eis-Manufaktur in Hohenems aus silofreier Heumilch aus dem Ländle, echter Bourbonvanille und reifen Himbeeren aus der Region einen wahren Eistraum: Sutterlüty's EisGenuss ""Heiße Liebe"". Auf künstliche Farbstoffe wird für diese b'sundrige Eiskreation ganz bewusst verzichtet."
Eis & Tiefkühlprodukte,Eis,SUTTERLÜTY'S EISGENUSS HEUMILCH ALPENCARAMEL,"Dolce Vita Eis-Manufaktur, Hohenems",Us'm Ländle,,"Bereits in dritter Generation stellt der Familienbetrieb Nussbaumer in Hohenems köstliches Speiseeis nach traditionellen Hausrezepten her. Für die Zubereitung von Sutterlüty's EisGenuss verwendet Andrew Nussbaumer, wo immer es möglich ist, Rohstoffe aus der Region. Das Heumilch-Alpencaramel Eis wird vor allem aus silofreier Heumilch aus dem Ländle und feinstem Alpencaramel kreiert."
Eis & Tiefkühlprodukte,Eis,SUTTERLÜTY'S EISGENUSS HEUMILCH-SCHOKO-NUSS,"Dolce Vita Eis-Manufaktur, Hohenems",Us'm Ländle,,"Für die Zubereitung von Sutterlüty's EisGenuss verwendet Andrew Nussbaumer in seiner kleinen Hohenemser Eis-Manufaktur, wo immer es möglich ist, Rohstoffe aus der Region. Das Heumilch-Schoko-Nuss Eis wird vor allem aus silofreier Heumilch aus dem Ländle, Schokolade von der Hohenemser Schokoladenmanufaktur Fenkart und Haselnüssen aus der Bodensee-Region hergestellt. Mit viel Liebe, Sorgfalt und Können entsteht aus den Zutaten ein b'sundrig cremiger Eistraum."
Eis & Tiefkühlprodukte,Eis,SUTTERLÜTY'S EISGENUSS HEUMILCH-STRACCIATELLA,"Dolce Vita Eis-Manufaktur, Hohenems",Us'm Ländle,,"Bereits in dritter Generation stellt der Familienbetrieb Nussbaumer köstliches Speiseeis nach traditionellen Hausrezepten her. Für die Zubereitung von Sutterlüty's EisGenuss verwendet Andrew Nussbaumer in seiner kleinen Hohenemser Eis-Manufaktur, wo immer es möglich ist, Rohstoffe aus der Region. Mit viel Liebe, Sorgfalt und Können zaubert er aus silofreier Heumilch aus dem Ländle, Kakao und einem Hauch Blütenhonig einen wahren Eistraum. Auf künstliche Farbstoffe wird für diese b'sundrige Eiskreation ganz bewusst verzichtet."
Eis & Tiefkühlprodukte,Eis,SUTTERLÜTY'S EISGENUSS JOGHURT-WALDBEERE,"Dolce Vita Eis-Manufaktur, Hohenems",Us'm Ländle,,"Für das Joghurt-Waldbeeren Eis verwendet Andrew Nussbaumer in seiner kleinen Eis-Manufaktur in Hohenems wann immer es möglich ist Rohstoffe aus der Region. Das Joghurt-Waldbeer Eis besteht vor allem aus Ländle Naturjoghurt und reifen Beeren aus der Bodensee-Region. Mit viel Liebe, Sorgfalt und Können zaubert er aus den Zutaten einen wahren Eistraum."
Eis & Tiefkühlprodukte,Eis,SUTTERLÜTY'S EISGENUSS NATURJOHGURT-KIRSCH,"Dolce Vita Eis-Manufaktur, Hohenems",Us'm Ländle,,"Mit viel Liebe, Sorgfalt und Können zaubert Andrew Nussbaumer in seiner kleinen Eis-Manufaktur in Hohenems aus silofreier Heumilch aus dem Ländle, Ländle Naturjoghurt und reifen Kirschen aus der Bodensee-Region einen wahren Eistraum: Sutterlüty’s Eisgenuss Naturjoghurt-Kirsch. Auf künstliche Farbstoffe wird für diese b'sundrige Eiskreation ganz bewusst verzichtet."
Eis & Tiefkühlprodukte,Eis,SUTTERLÜTY'S EISGENUSS VANILLE,"Dolce Vita Eis-Manufaktur, Hohenems",Us'm Ländle,,"Für die Zubereitung von Sutterlüty's EisGenuss verwendet Andrew Nussbaumer in seiner kleinen Hohenemser Eis-Manufaktur, wo immer es möglich ist, Rohstoffe aus der Region. Das Vanille Eis wird von vor allem aus silofreier Heumilch aus dem Ländle und echter Bourbonvanille kreiert. Und das ohne zugesetzte Farbstoffe. Das hat Sutterlüty's EisGenuss auch gar nicht nötig. Deshalb schmeckt das Eis so natürlich und b'sundrig cremig."
,,,,,,
,,,,,,
,,,,,,
Geschenkideen,Geschenkpäckle,Sutterlüty’s Geschenkpäckle klein,,Us'm Ländle,,"Sutterlüty’s Bergkäse würzig 8 Monate gereift ca. 300 g, Sutterlüty’s Bio Alpwurzen 100 g, Sutterlüty’s Fruchtgenuss Himbeer 200 g, Sutterlüty’s Basilikum Pesto 143 g / € 25,-"
Geschenkideen,Geschenkpäckle,Sutterlüty’s Geschenkpäckle mittel,,Us'm Ländle,,"Sutterlüty’s Bergkäse würzig 8 Monate gereift ca. 300 g, Sutterlüty’s Bio Kaminwurzen 150 g, Sutterlüty’s Cornichons 580 ml, Sutterlüty’s Cremehonig 250 g, Sutterlüty’s Fruchtgenuss Erdbeer-Himbeer 200 g, Sutterlüty’s getrocknete Jonagold Äpfel 60 g / € 35,-"
Geschenkideen,Geschenkpäckle,Sutterlüty’s Geschenkpäckle groß,,Us'm Ländle,,"Sutterlüty’s Bio Salami 200 g, Sutterlüty’s Bergkäse würzig 8 Monate gereift ca. 300 g, Sutterlüty’s Randig Salat 580 ml, Sutterlüty’s Apfelmus 370 ml, Sutterlüty’s Fruchtgenuss Himbeer 200 g, Sutterlüty’s Apfelsecco 0,75 l , Sutterlüty’s Rheintaler Riebel 400 g, Sutterlüty’s Zwetschke-Curry Chutney 200 g / € 45,-"
Geschenkideen,Geschenkpäckle,"Sutterlüty’s B’sundrige Auswahl individuell bestückbar / 
Mindestbestellmenge 20 Geschenke",,Us'm Ländle,,"So individuell wie Ihre Mitarbeiter, Kunden und Partner: Ein kleines, aber b‘sundrig feines Päckle - mit Produkten Ihrer Wahl bestückt und auf Wunsch transportsicher verpackt. Zur Absprache des gewünschten Inhalts wenden Sie sich bitte direkt an unseren Kundenservice:
Tel. 05512 / 2266-122 oder kundenservice@sutterluety.at. Preis nach gewähltem Inhalt."
Geschenkideen,Gutscheinkarte,Sutterlüty Geschenkgutscheine,,Us'm Ländle,,"Schenken so viel Sie wollen: Die praktischen Sutterlüty Geschenkkarten treffen jeden Geschmack und können mit einem Betrag Ihrer Wahl aufgeladen werden. (max. € 200,-)"