,Handle,Title,Body (HTML),Vendor,Type,Tags,Published,Option1 Name,Option1 Value,Option2 Name,Option2 Value,Option3 Name,Option3 Value,Variant SKU,Variant Grams,Variant Inventory Tracker,Variant Inventory Qty,Variant Inventory Policy,Variant Fulfillment Service,Variant Price,Variant Compare At Price,Variant Requires Shipping,Variant Taxable,Variant Barcode,Image Src,Image Position,Image Alt Text,Gift Card,SEO Title,SEO Description,Google Shopping / Google Product Category,Google Shopping / Gender,Google Shopping / Age Group,Google Shopping / MPN,Google Shopping / AdWords Grouping,Google Shopping / AdWords Labels,Google Shopping / Condition,Google Shopping / Custom Product,Google Shopping / Custom Label 0,Google Shopping / Custom Label 1,Google Shopping / Custom Label 2,Google Shopping / Custom Label 3,Google Shopping / Custom Label 4,Variant Image,Variant Weight Unit,Variant Tax Code,Cost per item
0,apfel-birnensaft, apfel-birnensaft,"Die Äpfel und Birnen für dieses reine Naturprodukt stammen von den letzten Rheintaler Streuobstwiesen. Zwar ist die Ernte von den alten Hochstammbäumen etwas mühevoller, aber dafür sind die Aromenvielfalt und Qualität der Früchte einzigartig. Für Sutterlüty’s Rheintaler Apfel-Birnen-Saft kommen in der kleinen Lustenauer Mosterei Krammel nur handverlesene Früchte in die Presse. Der daraus gewonnene Saft kommt danach sofort und ohne Zusätze als Direktsaft in den Frischekarton. Das b’sundrige Geheimnis von diesem Saft sind also die Vorarlberger Äpfel und Birnen und sonst nichts.","Mosterei Kramml, Lustenau",Fruchtsaft,,FALSE,Title,Default Title,,,,,,0,,,,manual,1,,,,,,,,,,,,,,,,,,,,,,,,,,,
1,apfelsaft, apfelsaft,"Der naturtrübe Apfelsaft von der Mosterei Krammel ist ein reines Naturprodukt. Das liegt an den Vorarlberger Äpfeln und an der Pressmethode. In die Presse kommen nur ungespritzte und handverlesene Äpfel. Diese stammen ausschließlich von den für das Rheintal so typischen Streuobstwiesen. Dort ist zwar die Ernte aufwändiger, aber dafür sind die Sortenvielfalt und die Qualität einzigartig. Nach der Pressung wird Sutterlüty‘s Apfelsaft sofort als Direktsaft abgefüllt. Das heißt völlig naturbelassen. Sie müssen nur den Zapfhahn aufdrehen, um sein b‘sundriges Aroma zu genießen.","Mosterei Kramml, Lustenau",Fruchtsaft,,FALSE,Title,Default Title,,,,,,0,,,,manual,1,,,,,,,,,,,,,,,,,,,,,,,,,,,
2,apfelsaft-boskoop, apfelsaft boskoop,"Der Boskoop Apfel – bei uns im Ländle auch Lederapfel genannt – ist wegen seiner feinen Säure einer der beliebtesten Saftäpfel unserer Region. Die Äpfel für Sutterlüty’s Boskoop Apfelsaft stammen zu 100 Prozent aus Vorarlberg und der Bodenseeregion. Hier gedeiht der Boskoop Apfel durch das Wechselspiel von kalten und warmen Tagen besonders aromareich. Die kleine Lustenauer Mosterei Krammel presst die handverlesenen Früchte zu Direktsaft, der sofort und ohne Zusätze in die Frischekartons kommt. Das b’sundrige Geheimnis von diesem Saft sind also die sortenreinen Boskoop Äpfel aus unserer Region – und sonst nichts.","Mosterei Kramml, Lustenau",Fruchtsaft,,FALSE,Title,Default Title,,,,,,0,,,,manual,1,,,,,,,,,,,,,,,,,,,,,,,,,,,
3,apfelsaft-jonagold, apfelsaft jonagold,"Jonagold Äpfel werden bei uns im Ländle seit den 1960ern angebaut und gehören mittlerweile zu den beliebtesten Apfelsorten. Ihre süßfruchtige-feinsäuerliche Note ist bei Groß und Klein beliebt. Die Äpfel für Sutterlüty’s Jonagold Apfelsaft stammen zu 100 Prozent aus Vorarlberg und der Bodenseeregion. Hier gedeiht der Jonagold Apfel durch das Wechselspiel von kalten und warmen Tagen besonders gut. Die kleine Lustenauer Mosterei Krammel presst die handverlesenen Früchte zu Direktsaft, der sofort und ohne Zusätze in die Frischekartons kommt. Das b’sundrige Geheimnis von diesem Saft sind also die sortenreinen Jonagold Äpfel aus unserer Region –a und sonst nichts.","Mosterei Kramml, Lustenau",Fruchtsaft,,FALSE,Title,Default Title,,,,,,0,,,,manual,1,,,,,,,,,,,,,,,,,,,,,,,,,,,
4,apfelsaft-g'spritzt, apfelsaft g'spritzt,"Sutterlüty’s gespritzter Apfelsaft ist ein reines Naturprodukt. Er wird nicht mit Apfelsaftkonzentrat, sondern direkt aus den Äpfeln der Region hergestellt. Andreas Krammel presst dafür in seiner Lustenauer Mosterei auf besonders schonende Weise handverlesene Äpfel aus der Bodenseeregion. Die allermeisten Äpfel stammen von den für das Rheintal so typischen Streuobstwiesen. Dort ist die Ernte zwar aufwendiger, dafür sind die Sortenvielfalt und damit der Geschmack einzigartig. Zum so gewonnenen Direktsaft kommt nur noch frisches Gebirgsquellwasser aus dem Arlbergmassiv und etwas Kohlensäure. Und fertig ist der b’sundrige Durstlöscher – herrlich erfrischend, völlig natürlich und direkt aus der Region.","Mosterei Kramml, Lustenau",Fruchtsaft gespritzt,,FALSE,Title,Default Title,,,,,,0,,,,manual,1,,,,,,,,,,,,,,,,,,,,,,,,,,,
5,holunderbeerensaft-g'spritzt, holunderbeerensaft g'spritzt,"Für Sutterlüty’s Holunderbeerensaft g’spritzt nimmt sich Obstsaft-Experte Andreas Krammel aus Lustenau viel Zeit, um den süßen Holunderbeeren von Jens Blum in Höchst und Winder Beeren in Dornbirn durch langsames Pressen ihr intensives Aroma zu entlocken. Aufgespritzt mit prickelndem Vorarlberger Tafelwasser wird daraus Sutterlüty’s Holunderbeerensaft g’spritzt, eine b‘sundrig fruchtig-prickelnde Erfrischung, wie man sie von früher kennt und liebt.","Mosterei Kramml, Lustenau",Fruchtsaft gespritzt,,FALSE,Title,Default Title,,,,,,0,,,,manual,1,,,,,,,,,,,,,,,,,,,,,,,,,,,
6,johannisbeersaft-g'spritzt, johannisbeersaft g'spritzt,"Für Sutterlüty’s gespritzten Johannisbeerensaft nimmt sich Obstsaftexperte Andreas Krammel aus Lustenau viel Zeit, um den vollreifen Johannisbeeren von Winder Beeren aus Dornbirn durch langsames Pressen ihr intensives Aroma zu entlocken. Aufgespritzt mit prickelndem Vorarlberger Tafelwasser wird daraus Sutterlüty’s Johannisbeerensaft g’spritzt, eine fruchtig-säuerliche Erfrischung, die auch Sportler lieben und schätzen.","Mosterei Kramml, Lustenau",Fruchtsaft gespritzt,,FALSE,Title,Default Title,,,,,,0,,,,manual,1,,,,,,,,,,,,,,,,,,,,,,,,,,,
7,apfelsecco, apfelsecco,Sutterlüty’s Apfelsecco wird am Obsthof Strodel in Weißensberg bei Lindau aus makellosen Bodensee-Elstar-Äpfeln gekeltert. Dabei setzt Klaus Strodel auf höchste Qualität und eine schonende Herstellung ohne künstliche Konservierungsstoffe. Feinste Kohlensäure lässt den Apfelsecco im Glas festlich schäumen und sprudeln. Auf Ihr b’sundriges Wohl!,"Obsthof Strodel, Weißensberg",Fruchtsaft gespritzt,,FALSE,Title,Default Title,,,,,,0,,,,manual,1,,,,,,,,,,,,,,,,,,,,,,,,,,,
8,holunderblutenlimonade, holunderblütenlimonade,"Für Sutterlüty’s Holunderblütenlimonade erntet Jens Blum an einem sonnenreichen Tag die Blüten seines Holunderstrauches und setzt diese für einen Auszug in Wasser an. Nach 36 Stunden werden die Blüten wieder entnommen und der Auszug mit Zucker, Limettensaft, Zitronensaft und Citronensäure abgestimmt. Jetzt fehlt für Sutterlüty’s Holunderblütenlimonade nur noch das Tafelwasser und die Kohlensäure und fertig ist der b’sundrige Genuss der Natur – wie damals von der Oma.","Mosterei Kramml, Lustenau",Limonade,,FALSE,Title,Default Title,,,,,,0,,,,manual,1,,,,,,,,,,,,,,,,,,,,,,,,,,,
9,apfelsussmost, apfelsüssmost,Der frisch gepresste Apfel-Süßmost der Mosterei Krammel aus Lustenau ist ein reines Naturprodukt. Das liegt an der traditionellen Herstellung aus reifem süßem Obst und den Verzicht auf jegliche Zusatz- und Konservierungsmittel. Die richtige Mischung von süßen und säuerlichen Apfelsorten und die Direktpressung sind das Geheimnis des fruchtigen Obstgeschmacks. Und deshalb ist dieser Apfel-Süßmost pur oder gespritzt ein b’sundriger Obstgenuss.,"Mosterei Kramml, Lustenau",Most,,FALSE,Title,Default Title,,,,,,0,,,,manual,1,,,,,,,,,,,,,,,,,,,,,,,,,,,
10,schwarzer-johannisbeer-nektar, schwarzer johannisbeer nektar,In diesen Klassiker aus Omas Zeiten kommen nur ausgesuchte Johannisbeeren aus den Beerengärten von Martin und Peter Winder im Hohenemser Ried. Nach der Ernte werden die sonnengereiften Beeren auf traditionelle Weise gepresst und in einem schonenden Verfahren abgefüllt. Nur reines Wasser und etwas Zucker kommen noch in den Saft. Sonst nichts. Deshalb schmeckt Sutterlüty’s Schwarzer Johannisbeer Nektar so b’sundrig fruchtig-frisch und ganz natürlich.,"Winder Beeren, Dornbirn",Nektar,,FALSE,Title,Default Title,,,,,,0,,,,manual,1,,,,,,,,,,,,,,,,,,,,,,,,,,,
11,holderbeeren-sirup, holderbeeren sirup,Die handverlesenen Holderbeeren werden im Dornbirner und Hohenemser Ried geerntet. Danach entsaftet sie die Familie Winder auf besonders schonende Art am eigenen Hof in Dornbirn. Nun wird der pure Saft nur noch mit Zucker verfeinert. Konservierungsmittel oder gar Aromen kommen nicht einmal in die Nähe der Flaschen. Deshalb schmeckt Sutterlüty’s Holderbeeren Sirup so b’sundrig fruchtig-frisch und ganz natürlich.,"Winder Beeren, Dornbirn",Sirup,,FALSE,Title,Default Title,,,,,,0,,,,manual,1,,,,,,,,,,,,,,,,,,,,,,,,,,,
12,holderbluten-sirup, holderblüten sirup,"Die meisten von uns haben ihren ersten Holdersirup als Kind getrunken. Und so unvergesslich schmeckt auch Sutterlüty’s Holdersirup. Die Holderblüten für diesen traditionellen Durstlöscher stammen aus den Beerengärten von Beeren Winder im Dornbirner und Hohenemser Ried. Nach der händischen Ernte setzt man die Blüten wie zu Omas Zeiten nur mit Wasser, Zucker und ein wenig Zitronensäure an. Nach ein paar Tagen entwickeln die Holderblüten ihr b’sundriges Aroma.","Winder Beeren, Dornbirn",Sirup,,FALSE,Title,Default Title,,,,,,0,,,,manual,1,,,,,,,,,,,,,,,,,,,,,,,,,,,
13,schwarzer-johannisbeer-sirup, schwarzer johannisbeer sirup,Die Johannisbeeren für diesen Sirup stammen aus den Beerengärten von Martin und Peter Winder im Hohenemser Ried. In ihrer Beerenküche werden die sonnengereiften Johannisbeeren noch auf traditionelle Weise gepresst. Danach wird der pure Saft nur noch mit Zucker verfeinert. Konservierungsmittel oder gar Aromen kommen nicht einmal in die Nähe der Flaschen. Deshalb schmeckt Sutterlüty’s Johannisbeer Sirup so b’sundrig fruchtig-frisch und ganz natürlich.,"Winder Beeren, Dornbirn",Sirup,,FALSE,Title,Default Title,,,,,,0,,,,manual,1,,,,,,,,,,,,,,,,,,,,,,,,,,,
14,apfel-perlwein, apfel-perlwein,nan,"Dietrich - Vorarlberger Kostbarkeiten, Lauterach",Cider & Most,,FALSE,Title,Default Title,,,,,,0,,,,manual,1,,,,,,,,,,,,,,,,,,,,,,,,,,,
15,bodensee-obstler, bodensee obstler,"Seit 1860 werden in der Privatdestillerie Hermann Pfanner edle Brände und Schnäpse gebrannt. Für Sutterlüty’s Schnäpe und Brände verwendet das traditionsreiche Unternehmen lediglich mit großer Sorgfalt ausgewählte vollreife Früchte. Gebrannt wird bei den Pfanners auch heute noch, so wie vor 160 Jahren, im traditionellen Doppelbrandverfahren. Vollreife Äpfel und Birnen aus der Bodenseeregion bilden die Grundlage für diesen fruchtigen Obstler.","Privatdestillerie Pfanner, Lauterach",Brände,,FALSE,Title,Default Title,,,,,,0,,,,manual,1,,,,,,,,,,,,,,,,,,,,,,,,,,,
16,landle-williamsbrand, ländle williamsbrand,"Seit 1860 werden in der Privatdestillerie Hermann Pfanner edle Brände und Schnäpse gebrannt. Für Sutterlüty’s Schnäpe und Brände verwendet das traditionsreiche Unternehmen lediglich mit großer Sorgfalt ausgewählte vollreife Früchte. Gebrannt wird bei den Pfanners auch heute noch, so wie vor 160 Jahren, im traditionellen Doppelbrandverfahren. Handverlesene, vollreife Williamsbirnen bilden die Basis für diesen aromatischen Tropfen.","Privatdestillerie Pfanner, Lauterach",Brände,,FALSE,Title,Default Title,,,,,,0,,,,manual,1,,,,,,,,,,,,,,,,,,,,,,,,,,,
17,original-subirer, original subirer,"Seit 1860 werden in der Privatdestillerie Hermann Pfanner edle Brände und Schnäpse gebrannt. Für Sutterlüty’s Schnäpe und Brände verwendet das traditionsreiche Unternehmen lediglich mit großer Sorgfalt ausgewählte vollreife Früchte. Gebrannt wird bei den Pfanners auch heute noch, so wie vor 160 Jahren, im traditionellen Doppelbrandverfahren. Die Subira, eine uralte Birnensorte aus dem Ländle, bildet die Grundlage für diesen b’sundrig intensiven und kraftvollen Edelbrand.","Privatdestillerie Pfanner, Lauterach",Brände,,FALSE,Title,Default Title,,,,,,0,,,,manual,1,,,,,,,,,,,,,,,,,,,,,,,,,,,
18,honig-williams, honig williams,"Seit 1860 werden in der Privatdestillerie Hermann Pfanner edle Brände und Schnäpse gebrannt. Für Sutterlüty’s Schnäpe und Brände verwendet das traditionsreiche Unternehmen lediglich mit großer Sorgfalt ausgewählte vollreife Früchte. Gebrannt wird bei den Pfanners auch heute noch, so wie vor 160 Jahren, im traditionellen Doppelbrandverfahren. Vollreife Williamsbirnen und feinster Bienenhonig bilden die Grundlage für diesen elegant-süßen Honig Williamsschnaps.","Privatdestillerie Pfanner, Lauterach",Brände,,FALSE,Title,Default Title,,,,,,0,,,,manual,1,,,,,,,,,,,,,,,,,,,,,,,,,,,
19,williamsbrand, williamsbrand,"Seit Jahrzehnten einer der besten Williamsbrände - Die Williamsbirne wurde 1828 erstmals in Frankreich angepflanzt. Heute wächst diese weltweit bedeutendste Birnensorte in vielen Teilen Mitteleuropas – im Wallis, im Südtirol, in der Wachau und auch am Bodensee. Die Privatdestillerie Pfanner verwendet nur die besten Früchte, destilliert die Maische sorgsam und erzeugt seit Jahrzehnten den b’sundrigen Pfanner Williamsbrand.","Privatdestillerie Pfanner, Lauterach",Brände,,FALSE,Title,Default Title,,,,,,0,,,,manual,1,,,,,,,,,,,,,,,,,,,,,,,,,,,
20,apfelcider, apfelcider,Andreas Krammel keltert in seiner Mosterei in Lustenau aus der Apfelernte von alten Rheintaler Streuobstwiesen einen edlen Apfelwein. Nach der Gärung wird der Wein mit etwas unvergorenem Apfelsaft und Kohlensäure in Flaschen gefüllt. So entsteht Sutterlüty’s Apfelcider – ein furchtig-spritziger Genuss.,"Mosterei Kramml, Lustenau",Cider & Most,,FALSE,Title,Default Title,,,,,,0,,,,manual,1,,,,,,,,,,,,,,,,,,,,,,,,,,,
21,apfelmost-vergart, apfelmost vergärt,"Für Sutterlüty’s Most werden nur beste Äpfel von Vorarlberger Streuobstwiesen ausgewählt. Im Herbst wird die Apfelernte von Andreas Krammel gekeltert, mit reiner Hefe vergoren und in 3 bis 4 Monaten reift dann Sutterlüty’s Apfelmost mit einem natürlich-feinen Säureverhältnis heran. Eine reine Gabe der Natur mit 6,4 % Vol. Alkoholgehalt, die sich bestens zum Spritzen eignet.","Mosterei Kramml, Lustenau",Cider & Most,,FALSE,Title,Default Title,,,,,,0,,,,manual,1,,,,,,,,,,,,,,,,,,,,,,,,,,,
22,gluhmost, glühmost,"Diese feine Spezialität aus der Mosterei Krammel enthält nach einem traditionellen Familienrezept nur das Beste aus frischen Äpfeln aus der Region, verfeinert mit winterlichen Gewürzen. Und weil er mit rund 6 % nur halb so viel Alkohol enthält wie Glühwein, ist Sutterlüty’s Glühmost auch noch b’sundrig leicht bekömmlich.","Mosterei Kramml, Lustenau",Cider & Most,,FALSE,Title,Default Title,,,,,,0,,,,manual,1,,,,,,,,,,,,,,,,,,,,,,,,,,,
23,bio-barlauch-creme, bio bärlauch creme,"Zum Bärlauch aus zertifizierter Wildsammlung in Vorarlberg gibt Wildkräuterexperte Reiner Metzler nur noch Bio Olivenöl und eine Prise Ursalz. So ist ein b’sundrig natürlicher Genuss die Krönung für jeden Teller Nudeln. Mit ihrem würzigen Geschmack und ihrer cremigen Konsistenz verfeinert Sutterlüty’s Bio Bärlauchcreme im Handumdrehen Nudeln, Suppen, Salate, Dips, Saucen und vieles mehr.","Naturreich, Grossdorf",Pesto,,FALSE,Title,Default Title,,,,,,0,,,,manual,1,,,,,,,,,,,,,,,,,,,,,,,,,,,
24,basilikum-pesto, basilikum pesto,In der Dornbirner Spezialitätenmanufaktur Sohm verarbeitet man den Bärlauch vom Schlossberg der Familie Waldburg-Zeil mit ausgesuchten Zutaten und besten Ölen zu einem kräftigen Pesto.,"Söhmsen's Manufaktur, Dornbirn",Pesto,,FALSE,Title,Default Title,,,,,,0,,,,manual,1,,,,,,,,,,,,,,,,,,,,,,,,,,,
25,barlauchpesto, bärlauchpesto,"Für Sutterlüty’s Basilikum Pesto verwendet Wolfgang Sohm in seiner kleinen Dornbirner Spezialitätenmanufaktur nur die besten Zutaten: Feinste Öle, knackige Walnüsse, Parmesan, einen Hauch von Knoblauch und frisches Basilikum aus Vorarlberg.","Söhmsen's Manufaktur, Dornbirn",Pesto,,FALSE,Title,Default Title,,,,,,0,,,,manual,1,,,,,,,,,,,,,,,,,,,,,,,,,,,
26,apfel-birnen-chili-chutney, apfel-birnen-chili chutney,"Mit frisch gepresstem Apfel-Birnen-Direktsaft und natürlichem Apfel-Birnen-Essig aus Rheintaler Streuobst entsteht in Söhmsen’s Spezialitäten-Manufaktur in Dornbirn dieses fruchtige Apfel Birne Chili Chutney. Ein b’sundriger Genuss zu Reis, Fisch, Geflügel, gegrilltem, Käse und Speck. Aber auch zum Verfeinern von Saucen – oder ganz einfach pur aufs Brot.","Söhmsen's Manufaktur, Dornbirn",Chutney,,FALSE,Title,Default Title,,,,,,0,,,,manual,1,,,,,,,,,,,,,,,,,,,,,,,,,,,
27,zwetschgen-curry-chutney, zwetschgen-curry chutney,"Aus reifen, handgepflückten Ländle Zwetschgen und ganz ohne Geschmacksverstärker entsteht in Söhmsen’s Spezialitäten-Manufaktur in Dornbirn dieses fruchtige Zwetschge Curry Chutney. Ein b’sundriger Genuss zu Reis, Fisch, Geflügel, Gegrilltem, Käse und Speck. Aber auch zum Verfeinern von Saucen – oder ganz einfach pur aufs Brot.","Söhmsen's Manufaktur, Dornbirn",Chutney,,FALSE,Title,Default Title,,,,,,0,,,,manual,1,,,,,,,,,,,,,,,,,,,,,,,,,,,
28,cornichons, cornichons,Die kleinen Gewürzgurken kommen frisch aus dem Bauerngarten der Familie Hirscher. Senior-Chef Siegfried kümmert sich um den Anbau und erntet händisch die reifen Früchte. Eingelegt werden die Gurken nach einem traditionellen Rezept seiner Frau Waltraud mit frischen Kräutern und Gewürzen aus dem eigenen Garten. Schon zwei Stunden nach der Ernte sind die Gurken im Glas. Deshalb sind sie auch so b'sundrig knackig.,"Familie Hirscher, Meckenbeuren",Sauergemüse,,FALSE,Title,Default Title,,,,,,0,,,,manual,1,,,,,,,,,,,,,,,,,,,,,,,,,,,
29,gewurzgurken, gewürzgurken,"Weil Gemüse direkt aus der Region einfach unvergleichlich ist, aber leider nicht das ganze Jahr über Saison hat, legt Familie Hirscher, aus Meckenbeuren am Bodensee, es nach alter Tradition in fein abgeschmeckten Branntweinessigsud ein und verfeinert es mit ein paar handverlesenen Gewürzen. Nach altbewährter Tradition und mit besten Gewürzen verfeinert sind Sutterlüty’s Gewürzgurken in zwei Stunden vom Feld im Glas.","Familie Hirscher, Meckenbeuren",Sauergemüse,,FALSE,Title,Default Title,,,,,,0,,,,manual,1,,,,,,,,,,,,,,,,,,,,,,,,,,,
30,gurken-paprika-topfle, gurken-paprika-töpfle,"Die feinen Gurken und Paprika für dieses sauer-pikante Töpfle werden von der Familie Hirscher in Handarbeit angebaut, geerntet und mit frischen Kräutern und Gewürzen aus dem eigenen Garten eingelegt.","Familie Hirscher, Meckenbeuren",Sauergemüse,,FALSE,Title,Default Title,,,,,,0,,,,manual,1,,,,,,,,,,,,,,,,,,,,,,,,,,,
31,karotten-salat, karotten salat,Die zarten Karotten kommen frisch aus dem Bauerngarten der  Familie Hirscher. Senior-Chef Siegfried kümmert sich um den Anbau und erntet die reifen Karotten händisch. Seine Frau Waltraud bereitet den feinen Salat nach altem Hausrezept zu. Unser Servier-Tipp: Salat abtropfen lassen und vor dem Servieren mit zwei bis drei Löffeln Schlagrahm verfeinern. So schmeckt er b’sundrig fein.,"Familie Hirscher, Meckenbeuren",Sauergemüse,,FALSE,Title,Default Title,,,,,,0,,,,manual,1,,,,,,,,,,,,,,,,,,,,,,,,,,,
32,paprikatopfle, paprikatöpfle,Die feinen Paprika kommen frisch aus dem Bauerngarten der Familie Hirscher. Nach altbewährter Tradition und mit besten Gewürzen verfeinert ist Sutterlüty’s Paprikatöpfle ein b’sundriger Genuss.,"Familie Hirscher, Meckenbeuren",Sauergemüse,,FALSE,Title,Default Title,,,,,,0,,,,manual,1,,,,,,,,,,,,,,,,,,,,,,,,,,,
33,randig-salat, randig salat,Die roten Rüben kommen frisch aus dem Bauerngarten der Familie Hirscher. Senior-Chef Siegfried kümmert sich um den Anbau und erntet händisch die reifen Früchte. Eingelegt werden die roten Rüben nach einem traditionellen Rezept seiner Frau Waltraud mit frischen Kräutern und Gewürzen aus dem eigenen Garten. Deshalb ist der Randig Salat auch so b’sundrig fein im Geschmack.,"Familie Hirscher, Meckenbeuren",Sauergemüse,,FALSE,Title,Default Title,,,,,,0,,,,manual,1,,,,,,,,,,,,,,,,,,,,,,,,,,,
34,sellerie-salat, sellerie salat,"Nur den besten Sellerie sucht Senior-Chef Siegfried Hirscher bei Gemüsebauern aus der Nachbarschaft aus. Seine Frau Waltraud bereitet daraus dann nach altem Hausrezept der Familie diesen feinen Salat zu. Unser Tipp: Damit der Sutterlüty’s Selleriesalat b’sundrig fein und saftig schmeckt, vor dem Öffnen kurz schütteln.","Familie Hirscher, Meckenbeuren",Sauergemüse,,FALSE,Title,Default Title,,,,,,0,,,,manual,1,,,,,,,,,,,,,,,,,,,,,,,,,,,
35,senfgurken, senfgurken,"Weil Gemüse direkt aus der Region einfach unvergleichlich ist, aber leider nicht das ganze Jahr über Saison hat, legt Familie Hirscher, aus Meckenbeuren am Bodensee, es nach alter Tradition in fein abgeschmeckten Branntweinessigsud ein und verfeinert es mit ein paar handverlesenen Gewürzen. Nach traditionellem Rezept mit Senfkörnern verfeinert sind Sutterlüty’s Senfgurken in zwei Stunden vom Feld im Glas.","Familie Hirscher, Meckenbeuren",Sauergemüse,,FALSE,Title,Default Title,,,,,,0,,,,manual,1,,,,,,,,,,,,,,,,,,,,,,,,,,,
36,bio-hennele, bio hennele,"Sutterlüty's Bio Hennele werden bei Familie Behmann in Sankt Gerold im großen Walsertal streng nach Bio-Kriterien aufgezogen: In Freilandhaltung mit mindestens vier Quadratmeter Platz pro Huhn und einem artgerechten Stall, der mit Stroh und Sägespänen eingestreut ist, können die Hühner ihrem natürlichen Scharrtrieb freien Lauf lassen.","Biohof Behmann, St. Gerold",Geflügel,,FALSE,Title,Default Title,,,,,,0,,,,manual,1,,,,,,,,,,,,,,,,,,,,,,,,,,,
37,bio-hennele-filet, bio hennele filet,"Sutterlüty's Bio Hennele werden bei Familie Behmann in Sankt Gerold im großen Walsertal streng nach Bio-Kriterien aufgezogen: In Freilandhaltung mit mindestens vier Quadratmeter Platz pro Huhn und einem artgerechten Stall, der mit Stroh und Sägespänen eingestreut ist, können die Hühner ihrem natürlichen Scharrtrieb freien Lauf lassen.","Biohof Behmann, St. Gerold",Geflügel,,FALSE,Title,Default Title,,,,,,0,,,,manual,1,,,,,,,,,,,,,,,,,,,,,,,,,,,
38,bio-hennele-keule, bio hennele keule,"Sutterlüty's Bio Hennele werden bei Familie Behmann in Sankt Gerold im großen Walsertal streng nach Bio-Kriterien aufgezogen: In Freilandhaltung mit mindestens vier Quadratmeter Platz pro Huhn und einem artgerechten Stall, der mit Stroh und Sägespänen eingestreut ist, können die Hühner ihrem natürlichen Scharrtrieb freien Lauf lassen.","Biohof Behmann, St. Gerold",Geflügel,,FALSE,Title,Default Title,,,,,,0,,,,manual,1,,,,,,,,,,,,,,,,,,,,,,,,,,,
39,bio-hennele--flugerl, bio hennele  flügerl,"Sutterlüty's Bio Hennele werden bei Familie Behmann in Sankt Gerold im großen Walsertal streng nach Bio-Kriterien aufgezogen: In Freilandhaltung mit mindestens vier Quadratmeter Platz pro Huhn und einem artgerechten Stall, der mit Stroh und Sägespänen eingestreut ist, können die Hühner ihrem natürlichen Scharrtrieb freien Lauf lassen.","Biohof Behmann, St. Gerold",Geflügel,,FALSE,Title,Default Title,,,,,,0,,,,manual,1,,,,,,,,,,,,,,,,,,,,,,,,,,,
40,walderhennele-filet, wälderhennele filet,"Sutterlüty’s feine Wälderhennele kommen aus Sulzberg im Bregenzerwald. Karl Heinz Karu zieht dort auf seinem Hof seit 1999 die echten Wälderhennele groß. In einem modernen Stall mit genügend Platz, Einstreu aus Weichholzspänen und viel Tageslicht. Gefüttert werden die Wälderhennele mit reinem Getreide. Dank der langsamen Fütterung werden die Hühner erst nach sieben Wochen ohne Transportwege noch direkt am Hof geschlachtet. Auf schnellstem Wege kommen die zarten Wälderhennele dann in die Fleischtheke bei Sutterlüty. Darum ist ihr wunderbar helles, zartes Fleisch auch so ein b’sundriger Genuss.","Karl Heinz Karu, Sulzberg",Geflügel,,FALSE,Title,Default Title,,,,,,0,,,,manual,1,,,,,,,,,,,,,,,,,,,,,,,,,,,
41,walderhennele-flugel, wälderhennele flügel,"Sutterlüty’s feine Wälderhennele kommen aus Sulzberg im Bregenzerwald. Karl Heinz Karu zieht dort auf seinem Hof seit 1999 die echten Wälderhennele groß. In einem modernen Stall mit genügend Platz, Einstreu aus Weichholzspänen und viel Tageslicht. Gefüttert werden die Wälderhennele mit reinem Getreide. Dank der langsamen Fütterung werden die Hühner erst nach sieben Wochen ohne Transportwege noch direkt am Hof geschlachtet. Auf schnellstem Wege kommen die zarten Wälderhennele dann in die Fleischtheke bei Sutterlüty. Darum ist ihr wunderbar helles, zartes Fleisch auch so ein b’sundriger Genuss.","Karl Heinz Karu, Sulzberg",Geflügel,,FALSE,Title,Default Title,,,,,,0,,,,manual,1,,,,,,,,,,,,,,,,,,,,,,,,,,,
42,walderhennele-flugel-mariniert, wälderhennele flügel mariniert,"Sutterlüty’s feine Wälderhennele kommen aus Sulzberg im Bregenzerwald. Karl Heinz Karu zieht dort auf seinem Hof seit 1999 die echten Wälderhennele groß. In einem modernen Stall mit genügend Platz, Einstreu aus Weichholzspänen und viel Tageslicht. Gefüttert werden die Wälderhennele mit reinem Getreide. Dank der langsamen Fütterung werden die Hühner erst nach sieben Wochen ohne Transportwege noch direkt am Hof geschlachtet. Auf schnellstem Wege kommen die zarten Wälderhennele dann in die Fleischtheke bei Sutterlüty. Darum ist ihr wunderbar helles, zartes Fleisch auch so ein b’sundriger Genuss.","Karl Heinz Karu, Sulzberg",Geflügel,,FALSE,Title,Default Title,,,,,,0,,,,manual,1,,,,,,,,,,,,,,,,,,,,,,,,,,,
43,walderhennele-ganz, wälderhennele ganz,"Sutterlüty’s feine Wälderhennele kommen aus Sulzberg im Bregenzerwald. Karl Heinz Karu zieht dort auf seinem Hof seit 1999 die echten Wälderhennele groß. In einem modernen Stall mit genügend Platz, Einstreu aus Weichholzspänen und viel Tageslicht. Gefüttert werden die Wälderhennele mit reinem Getreide. Dank der langsamen Fütterung werden die Hühner erst nach sieben Wochen ohne Transportwege noch direkt am Hof geschlachtet. Auf schnellstem Wege kommen die zarten Wälderhennele dann in die Fleischtheke bei Sutterlüty. Darum ist ihr wunderbar helles, zartes Fleisch auch so ein b’sundriger Genuss.","Karl Heinz Karu, Sulzberg",Geflügel,,FALSE,Title,Default Title,,,,,,0,,,,manual,1,,,,,,,,,,,,,,,,,,,,,,,,,,,
44,walderhennele-keule, wälderhennele keule,"Sutterlüty’s feine Wälderhennele kommen aus Sulzberg im Bregenzerwald. Karl Heinz Karu zieht dort auf seinem Hof seit 1999 die echten Wälderhennele groß. In einem modernen Stall mit genügend Platz, Einstreu aus Weichholzspänen und viel Tageslicht. Gefüttert werden die Wälderhennele mit reinem Getreide. Dank der langsamen Fütterung werden die Hühner erst nach sieben Wochen ohne Transportwege noch direkt am Hof geschlachtet. Auf schnellstem Wege kommen die zarten Wälderhennele dann in die Fleischtheke bei Sutterlüty. Darum ist ihr wunderbar helles, zartes Fleisch auch so ein b’sundriger Genuss.","Karl Heinz Karu, Sulzberg",Geflügel,,FALSE,Title,Default Title,,,,,,0,,,,manual,1,,,,,,,,,,,,,,,,,,,,,,,,,,,
45,bio-pute-schnitzel, bio pute schnitzel,"Sutterlüty's Bio Puten werden bei verschiedenen Partnern aus Vorarlberg streng nach Bio-Kriterien aufgezogen. Koordiniert wird die Aufzucht von Jakob Behmann in St. Gerold. Auf einem großen Freigelände können die Puten picken und scharren wie es ihnen gefällt. In dem artgerechten, mit Stroh und Sägespänen eingestreuten Stall finden die Tiere danach immer ein gemütliches Plätzchen, um sich auszuruhen. Gefüttert werden Sutterlüty's Bio Puten nur mit kontrolliert biologischem Futter. Dank der sorgfältigen Pflege während der Aufzucht fehlt es den Tieren an nichts.","Propsteihof Pfister, St. Gerold",Geflügel,,FALSE,Title,Default Title,,,,,,0,,,,manual,1,,,,,,,,,,,,,,,,,,,,,,,,,,,
46,bio-pute-geschnetzeltes, bio pute geschnetzeltes,"Sutterlüty's Bio Puten werden bei verschiedenen Partnern aus Vorarlberg streng nach Bio-Kriterien aufgezogen. Koordiniert wird die Aufzucht von Jakob Behmann in St. Gerold. Auf einem großen Freigelände können die Puten picken und scharren wie es ihnen gefällt. In dem artgerechten, mit Stroh und Sägespänen eingestreuten Stall finden die Tiere danach immer ein gemütliches Plätzchen, um sich auszuruhen. Gefüttert werden Sutterlüty's Bio Puten nur mit kontrolliert biologischem Futter. Dank der sorgfältigen Pflege während der Aufzucht fehlt es den Tieren an nichts.","Propsteihof Pfister, St. Gerold",Geflügel,,FALSE,Title,Default Title,,,,,,0,,,,manual,1,,,,,,,,,,,,,,,,,,,,,,,,,,,
47,bio-pute-flugerl, bio pute flügerl,"Sutterlüty's Bio Puten werden bei verschiedenen Partnern aus Vorarlberg streng nach Bio-Kriterien aufgezogen. Koordiniert wird die Aufzucht von Jakob Behmann in St. Gerold. Auf einem großen Freigelände können die Puten picken und scharren wie es ihnen gefällt. In dem artgerechten, mit Stroh und Sägespänen eingestreuten Stall finden die Tiere danach immer ein gemütliches Plätzchen, um sich auszuruhen. Gefüttert werden Sutterlüty's Bio Puten nur mit kontrolliert biologischem Futter. Dank der sorgfältigen Pflege während der Aufzucht fehlt es den Tieren an nichts.","Propsteihof Pfister, St. Gerold",Geflügel,,FALSE,Title,Default Title,,,,,,0,,,,manual,1,,,,,,,,,,,,,,,,,,,,,,,,,,,
48,bio-pute-keule, bio pute keule,"Sutterlüty's Bio Puten werden bei verschiedenen Partnern aus Vorarlberg streng nach Bio-Kriterien aufgezogen. Koordiniert wird die Aufzucht von Jakob Behmann in St. Gerold. Auf einem großen Freigelände können die Puten picken und scharren wie es ihnen gefällt. In dem artgerechten, mit Stroh und Sägespänen eingestreuten Stall finden die Tiere danach immer ein gemütliches Plätzchen, um sich auszuruhen. Gefüttert werden Sutterlüty's Bio Puten nur mit kontrolliert biologischem Futter. Dank der sorgfältigen Pflege während der Aufzucht fehlt es den Tieren an nichts.","Propsteihof Pfister, St. Gerold",Geflügel,,FALSE,Title,Default Title,,,,,,0,,,,manual,1,,,,,,,,,,,,,,,,,,,,,,,,,,,
49,kalbsgulasch, kalbsgulasch,"Für Sutterlüty‘s Gulasch verwendet Wolfgang Sohm in seiner kleinen Dornbirner Spezialitäten-Manufaktur 
nur die besten Zutaten: frisches Ländle-Kalbfleisch und feinste 
Gewürze eingekocht nach einem alten Familienrezept.",Söhmsens Manufaktur Dornbirn,Kalb,,FALSE,Title,Default Title,,,,,,0,,,,manual,1,,,,,,,,,,,,,,,,,,,,,,,,,,,
50,kalbsgulasch, kalbsgulasch,"Sutterlüty’s Ländle Kälber sind echte Vorarlberger: Sie werden im Ländle geboren und wachsen auf kleinen Bauernhöfen wie jenem von Hansjok und Katharina Lang im Bregenzerwald auf. Das Tierwohl steht hier an erster Stelle: Die Kälber, die man bei Familie Lang an einer Hand abzählen kann, leben in einem hellen, sauberen Stall. Mehrmals täglich werden sie mit Milch und etwas Heu gefüttert und gut versorgt. 
Die Produktsicherheit wird durch laufende Qualitätskontrollen und eine lückenlose Rückverfolgbarkeit gewährleistet. Geschlachtet und fachmännisch zerlegt vom Vorarlberger Metzger garantiert jedes Stück vom Sutterlüty’s Ländle Kalb beste Fleischqualität aus der Region und b’sundrig feinen Genuss.","Traditionsmetzgerei Broger, Bizau",Kalb,,FALSE,Title,Default Title,,,,,,0,,,,manual,1,,,,,,,,,,,,,,,,,,,,,,,,,,,
51,kalbsruckensteak, kalbsrückensteak,"Sutterlüty’s Ländle Kälber sind echte Vorarlberger: Sie werden im Ländle geboren und wachsen auf kleinen Bauernhöfen wie jenem von Hansjok und Katharina Lang im Bregenzerwald auf. Das Tierwohl steht hier an erster Stelle: Die Kälber, die man bei Familie Lang an einer Hand abzählen kann, leben in einem hellen, sauberen Stall. Mehrmals täglich werden sie mit Milch und etwas Heu gefüttert und gut versorgt. 
Die Produktsicherheit wird durch laufende Qualitätskontrollen und eine lückenlose Rückverfolgbarkeit gewährleistet. Geschlachtet und fachmännisch zerlegt vom Vorarlberger Metzger garantiert jedes Stück vom Sutterlüty’s Ländle Kalb beste Fleischqualität aus der Region und b’sundrig feinen Genuss.","Traditionsmetzgerei Broger, Bizau",Kalb,,FALSE,Title,Default Title,,,,,,0,,,,manual,1,,,,,,,,,,,,,,,,,,,,,,,,,,,
52,kalbsschnitzel, kalbsschnitzel,"Sutterlüty’s Ländle Kälber sind echte Vorarlberger: Sie werden im Ländle geboren und wachsen auf kleinen Bauernhöfen wie jenem von Hansjok und Katharina Lang im Bregenzerwald auf. Das Tierwohl steht hier an erster Stelle: Die Kälber, die man bei Familie Lang an einer Hand abzählen kann, leben in einem hellen, sauberen Stall. Mehrmals täglich werden sie mit Milch und etwas Heu gefüttert und gut versorgt. 
Die Produktsicherheit wird durch laufende Qualitätskontrollen und eine lückenlose Rückverfolgbarkeit gewährleistet. Geschlachtet und fachmännisch zerlegt vom Vorarlberger Metzger garantiert jedes Stück vom Sutterlüty’s Ländle Kalb beste Fleischqualität aus der Region und b’sundrig feinen Genuss.","Traditionsmetzgerei Broger, Bizau",Kalb,,FALSE,Title,Default Title,,,,,,0,,,,manual,1,,,,,,,,,,,,,,,,,,,,,,,,,,,
53,landle-kalbsschnitzel, ländle kalbsschnitzel,"Sutterlüty’s Ländle Kälber sind echte Vorarlberger: Sie werden im Ländle geboren und wachsen auf kleinen Bauernhöfen wie jenem von Hansjok und Katharina Lang im Bregenzerwald auf. Das Tierwohl steht hier an erster Stelle: Die Kälber, die man bei Familie Lang an einer Hand abzählen kann, leben in einem hellen, sauberen Stall. Mehrmals täglich werden sie mit Milch und etwas Heu gefüttert und gut versorgt. 
Die Produktsicherheit wird durch laufende Qualitätskontrollen und eine lückenlose Rückverfolgbarkeit gewährleistet. Geschlachtet und fachmännisch zerlegt vom Vorarlberger Metzger garantiert jedes Stück vom Sutterlüty’s Ländle Kalb beste Fleischqualität aus der Region und b’sundrig feinen Genuss.","Traditionsmetzgerei Broger, Bizau",Kalb,,FALSE,Title,Default Title,,,,,,0,,,,manual,1,,,,,,,,,,,,,,,,,,,,,,,,,,,
54,lammragout, lammragout,"Sutterlüty’s Ländle Lämmer sind echte Vorarlberger: Sie werden hier geboren und wachsen auf rund 40 kleinen Bauernhöfen, großteils im Walgau und im Großen Walsertal, auf. Einer davon ist jener von Jakob Behmann in St. Gerold. Wie für alle Sutterlüty’s Bauern hat auch für ihn das Tierwohl höchsten Stellenwert: Seine Lämmer genießen eine ausgewogene, gentechnikfreie Fütterung und viel Auslauf – im Sommer sogar auf Steilhängen bis 2.000 m hinauf. Das Ländle Gütesiegel garantiert höchste Produktsicherheit durch laufende Qualitätskontrollen und eine lückenlose Rückverfolgbarkeit. Geschlachtet und fachmännisch zerlegt vom Vorarlberger Metzger garantiert jedes Stück vom Sutterlüty’s Ländle Lamm beste Fleischqualität aus der Region 
und b’sundrig feinen Genuss.","Traditionsmetzgerei Broger, Bizau",Lamm & Ziege,,FALSE,Title,Default Title,,,,,,0,,,,manual,1,,,,,,,,,,,,,,,,,,,,,,,,,,,
55,lammruckensteak, lammrückensteak,"Sutterlüty’s Ländle Lämmer sind echte Vorarlberger: Sie werden hier geboren und wachsen auf rund 40 kleinen Bauernhöfen, großteils im Walgau und im Großen Walsertal, auf. Einer davon ist jener von Jakob Behmann in St. Gerold. Wie für alle Sutterlüty’s Bauern hat auch für ihn das Tierwohl höchsten Stellenwert: Seine Lämmer genießen eine ausgewogene, gentechnikfreie Fütterung und viel Auslauf – im Sommer sogar auf Steilhängen bis 2.000 m hinauf. Das Ländle Gütesiegel garantiert höchste Produktsicherheit durch laufende Qualitätskontrollen und eine lückenlose Rückverfolgbarkeit. Geschlachtet und fachmännisch zerlegt vom Vorarlberger Metzger garantiert jedes Stück vom Sutterlüty’s Ländle Lamm beste Fleischqualität aus der Region 
und b’sundrig feinen Genuss.","Traditionsmetzgerei Broger, Bizau",Lamm & Ziege,,FALSE,Title,Default Title,,,,,,0,,,,manual,1,,,,,,,,,,,,,,,,,,,,,,,,,,,
56,lammschnitzel, lammschnitzel,"Sutterlüty’s Ländle Lämmer sind echte Vorarlberger: Sie werden hier geboren und wachsen auf rund 40 kleinen Bauernhöfen, großteils im Walgau und im Großen Walsertal, auf. Einer davon ist jener von Jakob Behmann in St. Gerold. Wie für alle Sutterlüty’s Bauern hat auch für ihn das Tierwohl höchsten Stellenwert: Seine Lämmer genießen eine ausgewogene, gentechnikfreie Fütterung und viel Auslauf – im Sommer sogar auf Steilhängen bis 2.000 m hinauf. Das Ländle Gütesiegel garantiert höchste Produktsicherheit durch laufende Qualitätskontrollen und eine lückenlose Rückverfolgbarkeit. Geschlachtet und fachmännisch zerlegt vom Vorarlberger Metzger garantiert jedes Stück vom Sutterlüty’s Ländle Lamm beste Fleischqualität aus der Region 
und b’sundrig feinen Genuss.","Traditionsmetzgerei Broger, Bizau",Lamm & Ziege,,FALSE,Title,Default Title,,,,,,0,,,,manual,1,,,,,,,,,,,,,,,,,,,,,,,,,,,
57,lammvorderviertel, lammvorderviertel,"Sutterlüty’s Ländle Lämmer sind echte Vorarlberger: Sie werden hier geboren und wachsen auf rund 40 kleinen Bauernhöfen, großteils im Walgau und im Großen Walsertal, auf. Einer davon ist jener von Jakob Behmann in St. Gerold. Wie für alle Sutterlüty’s Bauern hat auch für ihn das Tierwohl höchsten Stellenwert: Seine Lämmer genießen eine ausgewogene, gentechnikfreie Fütterung und viel Auslauf – im Sommer sogar auf Steilhängen bis 2.000 m hinauf. Das Ländle Gütesiegel garantiert höchste Produktsicherheit durch laufende Qualitätskontrollen und eine lückenlose Rückverfolgbarkeit. Geschlachtet und fachmännisch zerlegt vom Vorarlberger Metzger garantiert jedes Stück vom Sutterlüty’s Ländle Lamm beste Fleischqualität aus der Region 
und b’sundrig feinen Genuss.","Traditionsmetzgerei Broger, Bizau",Lamm & Ziege,,FALSE,Title,Default Title,,,,,,0,,,,manual,1,,,,,,,,,,,,,,,,,,,,,,,,,,,
58,bio-rind-ragout, bio rind ragout,"Sutterlüty’s Ländle Bio-Rinder sind echte Vorarlberger: Sie werden hier geboren und wachsen unter strengen Kontrollen auf kleinen Vorarlberger Bio-Bauernhöfen wie jenem von Reinhold Kräutler in Koblach auf. Hier genießen die Rinder eine tierwohlgerechte Haltung mit mindestens 200 Tagen freiem Auslauf. Im Sommer grasen die Tiere auf saftigen Weiden. Darüber hinaus werden sie nur mit ökologischem, gentechnikfreiem Futter gefüttert. Das Ländle Gütesiegel garantiert höchste Produktsicherheit durch laufende Qualitätskontrollen und eine lückenlose Rückverfolgbarkeit. Geschlachtet und fachmännisch zerlegt vom Vorarlberger Metzger garantiert jedes Stück vom Sutterlüty’s Ländle Bio-Rind beste Fleischqualität aus der Region und b’sundrig zarten Genuss.","Traditionsmetzgerei Broger, Bizau",Rind,,FALSE,Title,Default Title,,,,,,0,,,,manual,1,,,,,,,,,,,,,,,,,,,,,,,,,,,
59,bio-rind-rib-eye-steak, bio rind rib-eye-steak,"Sutterlüty’s Ländle Bio-Rinder sind echte Vorarlberger: Sie werden hier geboren und wachsen unter strengen Kontrollen auf kleinen Vorarlberger Bio-Bauernhöfen wie jenem von Reinhold Kräutler in Koblach auf. Hier genießen die Rinder eine tierwohlgerechte Haltung mit mindestens 200 Tagen freiem Auslauf. Im Sommer grasen die Tiere auf saftigen Weiden. Darüber hinaus werden sie nur mit ökologischem, gentechnikfreiem Futter gefüttert. Das Ländle Gütesiegel garantiert höchste Produktsicherheit durch laufende Qualitätskontrollen und eine lückenlose Rückverfolgbarkeit. Geschlachtet und fachmännisch zerlegt vom Vorarlberger Metzger garantiert jedes Stück vom Sutterlüty’s Ländle Bio-Rind beste Fleischqualität aus der Region und b’sundrig zarten Genuss.","Traditionsmetzgerei Broger, Bizau",Rind,,FALSE,Title,Default Title,,,,,,0,,,,manual,1,,,,,,,,,,,,,,,,,,,,,,,,,,,
60,bio-rind-schnitzel, bio rind schnitzel,"Sutterlüty’s Ländle Bio-Rinder sind echte Vorarlberger: Sie werden hier geboren und wachsen unter strengen Kontrollen auf kleinen Vorarlberger Bio-Bauernhöfen wie jenem von Reinhold Kräutler in Koblach auf. Hier genießen die Rinder eine tierwohlgerechte Haltung mit mindestens 200 Tagen freiem Auslauf. Im Sommer grasen die Tiere auf saftigen Weiden. Darüber hinaus werden sie nur mit ökologischem, gentechnikfreiem Futter gefüttert. Das Ländle Gütesiegel garantiert höchste Produktsicherheit durch laufende Qualitätskontrollen und eine lückenlose Rückverfolgbarkeit. Geschlachtet und fachmännisch zerlegt vom Vorarlberger Metzger garantiert jedes Stück vom Sutterlüty’s Ländle Bio-Rind beste Fleischqualität aus der Region und b’sundrig zarten Genuss.","Traditionsmetzgerei Broger, Bizau",Rind,,FALSE,Title,Default Title,,,,,,0,,,,manual,1,,,,,,,,,,,,,,,,,,,,,,,,,,,
61,rump-steak, rump steak,"Sutterlüty’s Ländle Bio-Rinder sind echte Vorarlberger: Sie werden hier geboren und wachsen unter strengen Kontrollen auf kleinen Vorarlberger Bio-Bauernhöfen wie jenem von Reinhold Kräutler in Koblach auf. Hier genießen die Rinder eine tierwohlgerechte Haltung mit mindestens 200 Tagen freiem Auslauf. Im Sommer grasen die Tiere auf saftigen Weiden. Darüber hinaus werden sie nur mit ökologischem, gentechnikfreiem Futter gefüttert. Das Ländle Gütesiegel garantiert höchste Produktsicherheit durch laufende Qualitätskontrollen und eine lückenlose Rückverfolgbarkeit. Geschlachtet und fachmännisch zerlegt vom Vorarlberger Metzger garantiert jedes Stück vom Sutterlüty’s Ländle Bio-Rind beste Fleischqualität aus der Region und b’sundrig zarten Genuss.","Traditionsmetzgerei Broger, Bizau",Rind,,FALSE,Title,Default Title,,,,,,0,,,,manual,1,,,,,,,,,,,,,,,,,,,,,,,,,,,
62,schweinekarreesteak, schweinekarreesteak,"Für die kleinen Bauernhöfe, auf denen Sutterlüty’s Ländle Schweine aufwachsen, steht das Tierwohl an oberster Stelle: großzügige Ställe mit Tageslicht, eingestreuten Liegeflächen und tierfreundlichen Wühl- und Beschäftigungsmöglichkeiten sind ebenso selbstverständlich wie gentechnikfreies Futter. Einer dieser Höfe ist der von Andreas Hartmann in Feldkirch. Dort freuen sich die Schweine zudem über Auslauf ins Freie. Die Ferkel werden in Vorarlberg oder in Österreich geboren. Das Ländle Gütesiegel garantiert höchste Produktsicherheit durch laufende Qualitätskontrollen und eine lückenlose Rückverfolgbarkeit. Geschlachtet und fachmännisch zerlegt vom Vorarlberger Metzger garantiert jedes Stück vom Sutterlüty’s Ländle Schwein beste Fleischqualität und b’sundrig feinen Genuss.","Traditionsmetzgerei Broger, Bizau",Schwein,,FALSE,Title,Default Title,,,,,,0,,,,manual,1,,,,,,,,,,,,,,,,,,,,,,,,,,,
63,schweineragout, schweineragout,"Für die kleinen Bauernhöfe, auf denen Sutterlüty’s Ländle Schweine aufwachsen, steht das Tierwohl an oberster Stelle: großzügige Ställe mit Tageslicht, eingestreuten Liegeflächen und tierfreundlichen Wühl- und Beschäftigungsmöglichkeiten sind ebenso selbstverständlich wie gentechnikfreies Futter. Einer dieser Höfe ist der von Andreas Hartmann in Feldkirch. Dort freuen sich die Schweine zudem über Auslauf ins Freie. Die Ferkel werden in Vorarlberg oder in Österreich geboren. Das Ländle Gütesiegel garantiert höchste Produktsicherheit durch laufende Qualitätskontrollen und eine lückenlose Rückverfolgbarkeit. Geschlachtet und fachmännisch zerlegt vom Vorarlberger Metzger garantiert jedes Stück vom Sutterlüty’s Ländle Schwein beste Fleischqualität und b’sundrig feinen Genuss.","Traditionsmetzgerei Broger, Bizau",Schwein,,FALSE,Title,Default Title,,,,,,0,,,,manual,1,,,,,,,,,,,,,,,,,,,,,,,,,,,
64,schweineschnitzel, schweineschnitzel,"Für die kleinen Bauernhöfe, auf denen Sutterlüty’s Ländle Schweine aufwachsen, steht das Tierwohl an oberster Stelle: großzügige Ställe mit Tageslicht, eingestreuten Liegeflächen und tierfreundlichen Wühl- und Beschäftigungsmöglichkeiten sind ebenso selbstverständlich wie gentechnikfreies Futter. Einer dieser Höfe ist der von Andreas Hartmann in Feldkirch. Dort freuen sich die Schweine zudem über Auslauf ins Freie. Die Ferkel werden in Vorarlberg oder in Österreich geboren. Das Ländle Gütesiegel garantiert höchste Produktsicherheit durch laufende Qualitätskontrollen und eine lückenlose Rückverfolgbarkeit. Geschlachtet und fachmännisch zerlegt vom Vorarlberger Metzger garantiert jedes Stück vom Sutterlüty’s Ländle Schwein beste Fleischqualität und b’sundrig feinen Genuss.","Traditionsmetzgerei Broger, Bizau",Schwein,,FALSE,Title,Default Title,,,,,,0,,,,manual,1,,,,,,,,,,,,,,,,,,,,,,,,,,,
65,berglammbeisser, berglammbeisser,"Sutterlüty‘s Berglamm-Beißer sind eine würzige Spezialität, die das Beste aus Vorarlberg vereinen – beste Zutaten, regionale Zusammenarbeit und handwerkliches Können. Das hochwertige Fleisch stammt von 50 Vorarlberger Bauernhöfen. Ihre Herden grasen über dem Großen Walsertal und dem Walgau die Steilhänge bis 2.000 m hinauf. Die Bizauer Traditions-Metzgerei Broger veredelt das 100 % Ländle Lammfleisch in traditioneller Handarbeit. Eine überlieferte Würzmischung, leichtes Räuchern über Buchenholz und anschließendes Lufttrocknen sind ihr Beitrag für das b'sundrig feine Aroma.","Traditionsmetzgerei Broger, Bizau",Hartwurst,,FALSE,Title,Default Title,,,,,,0,,,,manual,1,,,,,,,,,,,,,,,,,,,,,,,,,,,
66,bio-alpwurzen, bio alpwurzen,Die Bizauer Traditions-Metzgerei Broger stellt die Sutterlüty‘s Bio-Alpwurzen noch nach altem Familienrezept her. Aus bestem heimischem Fleisch vom Vorarlberger Bio-Weiderind. Gewürzt werden die Bio-Alpwurzen mit einer traditionellen Würzmischung aus natürlichen Kräutern und Gewürzen. Ein b‘sundriger Genuss auf jedem Jausenbrett! ,"Traditionsmetzgerei Broger, Bizau",Hartwurst,,FALSE,Title,Default Title,,,,,,0,,,,manual,1,,,,,,,,,,,,,,,,,,,,,,,,,,,
67,bio-kaminwurzen, bio kaminwurzen,Die Bizauer Traditions-Metzgerei Broger stellt Sutterlüty’s Bio-Kaminwurzen noch nach altem Familienrezept her. Aus bestem heimischem Fleisch vom Vorarlberger Bio-Weiderind. Gewürzt werden die Bio-Kaminwurzen mit einer traditionellen Würzmischung aus natürlichen Kräutern und Gewürzen. Ein b’sundriger Genuss auf jedem Jausenbrett!,"Traditionsmetzgerei Broger, Bizau",Hartwurst,,FALSE,Title,Default Title,,,,,,0,,,,manual,1,,,,,,,,,,,,,,,,,,,,,,,,,,,
68,bio-landjager, bio landjäger,In der Traditions-Metzgerei Broger in Bizau versteht man sein Handwerk noch. Dort werden Sutterlüty's Bio-Landjäger nach altbewährtem Rezept hergestellt. Aus bestem heimischem Fleisch vom Vorarlberger Bio-Weiderind. Verfeinert werden die Landjäger mit reinen Naturgewürzen. Und das Räuchern über echtem Buchenholzrauch sorgt für das b'sundrig feine Aroma.,"Traditionsmetzgerei Broger, Bizau",Hartwurst,,FALSE,Title,Default Title,,,,,,0,,,,manual,1,,,,,,,,,,,,,,,,,,,,,,,,,,,
69,bio-salami, bio salami,Sutterlüty‘s Bio-Salami wird in der Bizauer Traditions-Metzgerei Broger noch vom Meistermetzger persönlich mit viel handwerklichem Geschick hergestellt. Aus bestem heimischem Fleisch vom Vorarlberger Bio-Weiderind. Verfeinert wird die Ländle-Salami mit reinen Naturgewürzen. Ihr b‘sundriges Aroma entfaltet sie übrigens hauchdünn geschnitten am besten!,"Traditionsmetzgerei Broger, Bizau",Hartwurst,,FALSE,Title,Default Title,,,,,,0,,,,manual,1,,,,,,,,,,,,,,,,,,,,,,,,,,,
70,landle-geflugelkaiser, ländle geflügelkaiser,"Für diese b’sundrige Dauerwurst verwendet Karl Heinz Karu ausschließlich Hühnerfleisch von seinem eigenen Hof in Sulzberg. Denn hier, weiß er, wachsen die echten Wälderhennele in einem modernen Stall mit genügend Platz, natürlichem Einstreu aus Weichholzspänen und viel Tageslicht auf. Gefüttert werden sie mit reinem Getreide. Das schmeckt den Hühnern und macht obendrein das Fleisch wunderbar zart und aromatisch. In der hauseigenen Metzgerei werden die Fleischstücke nur noch mit ausgesuchten Gewürzen und etwas Salz verfeinert. Anschließend wird die Wurst über Buchenholz geräuchert und gebraten. Nach ein paar Tagen Ruhezeit haben Sutterlüty’s Geflügelkaiser ihren Geschmack voll entfaltet und sind ein b’sundrig leichter Genuss ganz ohne Schweinefleisch.","Karl Heinz Karu, Sulzberg",Wurst,,FALSE,Title,Default Title,,,,,,0,,,,manual,1,,,,,,,,,,,,,,,,,,,,,,,,,,,
71,rheintaler-riebel, rheintaler riebel,"Riebelmais wird in Vorarlberg seit über 350 Jahren gegessen. Sutterlüty`s echter Rheintaler Riebel ist eine Wiederentdeckung alter, fast vergessener Landsorten. Seit einigen Jahren werden diese von Richard Dietrich und einer Handvoll Vorarlberger Bauern neu kultiviert. Die Ernte ist so b`sundrig, dass es sich lohnt die traditionellen Vorarlberger Speisen Riebel, Stopfer oder Hafaloab neu zu entdecken. Ein wertvolles Vollkornprodukt mit Schalenteilen und Keimlingen - das ist der echte Riebel, wie er den Vorarlbergern seit jeher schmeckt.","Dietrich - Vorarlberger Kostbarkeiten, Lauterach",Getreide  ,,FALSE,Title,Default Title,,,,,,0,,,,manual,1,,,,,,,,,,,,,,,,,,,,,,,,,,,
72,alpkase, alpkäse,"Auf den Bregenzerwälder Alpen wächst eine einzigartige Vielfalt an Kräutern und Gräsern. Das schmeckt man auch in diesem b’sundrigen Rohmilch-Käse, der direkt auf der Alpe Vorderüntschen in Schoppenau gekäst wird.","Alpe Vorderüntschen, Schoppernau",Hartkäse,,FALSE,Title,Default Title,,,,,,0,,,,manual,1,,,,,,,,,,,,,,,,,,,,,,,,,,,
73,ursalzkase, ursalzkäse,"Der b’sundrigs feine Geschmack von Sutterlüty’s Ursalzkäse entsteht durch die silofreie Bregenzerwälder Frischmilch, echtes Ursalz und Rotkulturen. Und natürlich durch die traditionelle, händische Pflege der Meisterkäser von Furore aus Götzis während der 3-monatigen Reifezeit.","Furore, Götzis",Hartkäse,,FALSE,Title,Default Title,,,,,,0,,,,manual,1,,,,,,,,,,,,,,,,,,,,,,,,,,,
74,bergkase-mild-3-monate, bergkäse mild 3 monate,"Der Bregenzerwälder Bergkäse ist zu Recht berühmt. Und dieser hier ist ganz was B’sundrigs! Er wird in kleinen Dorfsennereien ausschließlich aus silofreier Bregenzerwälder Heumilch gekäst. Danach reift er mindestens 3 Monate im Bregenzerwälder Käsekeller, bis er sein mildes Aroma entwickelt.","Sennhaus Oberdorf, Bezau",Hartkäse,,FALSE,Title,Default Title,,,,,,0,,,,manual,1,,,,,,,,,,,,,,,,,,,,,,,,,,,
75,bergkase-mild-3-monate, bergkäse mild 3 monate,nan,"Sennerei Lingenau, Lingenau",Hartkäse,,FALSE,Title,Default Title,,,,,,0,,,,manual,1,,,,,,,,,,,,,,,,,,,,,,,,,,,
76,bergkase-mild-3-monate, bergkäse mild 3 monate,nan,"Sennerei Riefensberg, Riefensberg",Hartkäse,,FALSE,Title,Default Title,,,,,,0,,,,manual,1,,,,,,,,,,,,,,,,,,,,,,,,,,,
77,bergkase-zwickel-mild-3-monate, bergkäse zwickel mild 3 monate,nan,"Sennhaus Oberdorf, Bezau",Hartkäse,,FALSE,Title,Default Title,,,,,,0,,,,manual,1,,,,,,,,,,,,,,,,,,,,,,,,,,,
78,bergkase-zwickel-mild-3-monate, bergkäse zwickel mild 3 monate,nan,"Sennerei Riefensberg, Riefensberg",Hartkäse,,FALSE,Title,Default Title,,,,,,0,,,,manual,1,,,,,,,,,,,,,,,,,,,,,,,,,,,
79,bergkase-zwickel-mild-3-monate, bergkäse zwickel mild 3 monate,nan,"Sennerei Lingenau, Lingenau",Hartkäse,,FALSE,Title,Default Title,,,,,,0,,,,manual,1,,,,,,,,,,,,,,,,,,,,,,,,,,,
80,bergkase-wurzig-6-monate, bergkäse würzig 6 monate,"Der Bregenzerwälder Bergkäse ist zu Recht berühmt. Und dieser hier ist ganz was B’sundrigs! Er wird in kleinen Dorfsennereien ausschließlich aus silofreier Bregenzerwälder Heumilch gekäst. Danach reift er 6 Monate im Bregenzerwälder Käsekeller, bis er sein würziges Aroma entwickelt.","Sennhaus Oberdorf, Bezau",Hartkäse,,FALSE,Title,Default Title,,,,,,0,,,,manual,1,,,,,,,,,,,,,,,,,,,,,,,,,,,
81,bergkase-wurzig-6-monate, bergkäse würzig 6 monate,nan,"Sennerei Lingenau, Lingenau",Hartkäse,,FALSE,Title,Default Title,,,,,,0,,,,manual,1,,,,,,,,,,,,,,,,,,,,,,,,,,,
82,bergkase-wurzig-6-monate, bergkäse würzig 6 monate,nan,"Sennerei Riefensberg, Riefensberg",Hartkäse,,FALSE,Title,Default Title,,,,,,0,,,,manual,1,,,,,,,,,,,,,,,,,,,,,,,,,,,
83,bergkase-zwickel-wurzig-6-monate, bergkäse zwickel würzig 6 monate,nan,"Sennhaus Oberdorf, Bezau",Hartkäse,,FALSE,Title,Default Title,,,,,,0,,,,manual,1,,,,,,,,,,,,,,,,,,,,,,,,,,,
84,bergkase-zwickel-wurzig-6-monate, bergkäse zwickel würzig 6 monate,nan,"Sennerei Lingenau, Lingenau",Hartkäse,,FALSE,Title,Default Title,,,,,,0,,,,manual,1,,,,,,,,,,,,,,,,,,,,,,,,,,,
85,bergkase-zwickel-wurzig-6-monate, bergkäse zwickel würzig 6 monate,nan,"Sennerei Riefensberg, Riefensberg",Hartkäse,,FALSE,Title,Default Title,,,,,,0,,,,manual,1,,,,,,,,,,,,,,,,,,,,,,,,,,,
86,bergkase-wurzig-8-monate, bergkäse würzig 8 monate,"Der Bregenzerwälder Bergkäse ist zu Recht berühmt. Und dieser hier ist ganz was B’sundrigs! Er wird in kleinen Dorfsennereien ausschließlich aus silofreier Bregenzerwälder Heumilch gekäst. Danach reift er 8 Monate im Bregenzerwälder Käsekeller, bis er sein würziges Aroma entwickelt.","Sennhaus Oberdorf, Bezau",Hartkäse,,FALSE,Title,Default Title,,,,,,0,,,,manual,1,,,,,,,,,,,,,,,,,,,,,,,,,,,
87,bergkase-wurzig-8-monate, bergkäse würzig 8 monate,nan,"Sennerei Lingenau, Lingenau",Hartkäse,,FALSE,Title,Default Title,,,,,,0,,,,manual,1,,,,,,,,,,,,,,,,,,,,,,,,,,,
88,bergkase-wurzig-8-monate, bergkäse würzig 8 monate,nan,"Sennerei Riefensberg, Riefensberg",Hartkäse,,FALSE,Title,Default Title,,,,,,0,,,,manual,1,,,,,,,,,,,,,,,,,,,,,,,,,,,
89,bergkase-wurzig-12-monate, bergkäse würzig 12 monate,"Der Bregenzerwälder Bergkäse ist zu Recht berühmt. Und dieser hier ist ganz was B’sundrigs! Er wird in kleinen Dorfsennereien ausschließlich aus silofreier Bregenzerwälder Heumilch gekäst. Danach reift er 12 Monate im Bregenzerwälder Käsekeller, bis er sein würziges Aroma entwickelt.","Sennhaus Oberdorf, Bezau",Hartkäse,,FALSE,Title,Default Title,,,,,,0,,,,manual,1,,,,,,,,,,,,,,,,,,,,,,,,,,,
90,bergkase-wurzig-12-monate, bergkäse würzig 12 monate,nan,"Sennerei Lingenau, Lingenau",Hartkäse,,FALSE,Title,Default Title,,,,,,0,,,,manual,1,,,,,,,,,,,,,,,,,,,,,,,,,,,
91,bergkase-wurzig-12-monate, bergkäse würzig 12 monate,nan,"Sennerei Riefensberg, Riefensberg",Hartkäse,,FALSE,Title,Default Title,,,,,,0,,,,manual,1,,,,,,,,,,,,,,,,,,,,,,,,,,,
92,emmentaler, emmentaler,"Der Bregenzerwälder Emmentaler aus der Sennerei Lingenau wird aus unbehandelter, silofreier Frischmilch gekäst. Selbst in der 10-wöchigen Reifezeit wird er nur von Hand gepflegt. Deshalb schmeckt er so b’sundrig süßlich-herb bis nussig.","Sennerei Lingenau, Lingenau",Hartkäse,,FALSE,Title,Default Title,,,,,,0,,,,manual,1,,,,,,,,,,,,,,,,,,,,,,,,,,,
93,heumilchkase-paprika-chili, heumilchkäse paprika-chili,"Dieser fein-würzige Schnittkäse wird mit großer Sorgfalt in einer kleinen Wälder Dorfsennerei gekäst. Mit viel Zeit, mit Liebe und aus reiner 
Bregenzerwälder Heumilch. Nach etwa drei Monaten ist er fertig gereift und seine mit einzigartigen Zutaten verfeinerte, essbare Rinde 
entfaltet ihren b’sundrigen Geschmack. Seien es ausgewählte Alpenkräuter, feine essbare Blüten, pikante Paprika mit feurigem Chili oder 
mediterrane Tomate mit Basilikum – da ist für jeden Käseliebhaber etwas dabei.","Käse Moosbrugger, Mäder",Schnittkäse,,FALSE,Title,Default Title,,,,,,0,,,,manual,1,,,,,,,,,,,,,,,,,,,,,,,,,,,
94,heumilchkase-alpenkrauter, heumilchkäse alpenkräuter,"Dieser fein-würzige Schnittkäse wird mit großer Sorgfalt in einer kleinen Wälder Dorfsennerei gekäst. Mit viel Zeit, mit Liebe und aus reiner 
Bregenzerwälder Heumilch. Nach etwa drei Monaten ist er fertig gereift und seine mit einzigartigen Zutaten verfeinerte, essbare Rinde 
entfaltet ihren b’sundrigen Geschmack. Seien es ausgewählte Alpenkräuter, feine essbare Blüten, pikante Paprika mit feurigem Chili oder 
mediterrane Tomate mit Basilikum – da ist für jeden Käseliebhaber etwas dabei.","Käse Moosbrugger, Mäder",Schnittkäse,,FALSE,Title,Default Title,,,,,,0,,,,manual,1,,,,,,,,,,,,,,,,,,,,,,,,,,,
95,heumilchkase-blutenzauber, heumilchkäse blütenzauber,"Dieser fein-würzige Schnittkäse wird mit großer Sorgfalt in einer kleinen Wälder Dorfsennerei gekäst. Mit viel Zeit, mit Liebe und aus reiner 
Bregenzerwälder Heumilch. Nach etwa drei Monaten ist er fertig gereift und seine mit einzigartigen Zutaten verfeinerte, essbare Rinde 
entfaltet ihren b’sundrigen Geschmack. Seien es ausgewählte Alpenkräuter, feine essbare Blüten, pikante Paprika mit feurigem Chili oder 
mediterrane Tomate mit Basilikum – da ist für jeden Käseliebhaber etwas dabei.","Käse Moosbrugger, Mäder",Schnittkäse,,FALSE,Title,Default Title,,,,,,0,,,,manual,1,,,,,,,,,,,,,,,,,,,,,,,,,,,
96,heumilchkase-tomate-basilikum, heumilchkäse tomate-basilikum,"Dieser fein-würzige Schnittkäse wird mit großer Sorgfalt in einer kleinen Wälder Dorfsennerei gekäst. Mit viel Zeit, mit Liebe und aus reiner 
Bregenzerwälder Heumilch. Nach etwa drei Monaten ist er fertig gereift und seine mit einzigartigen Zutaten verfeinerte, essbare Rinde 
entfaltet ihren b’sundrigen Geschmack. Seien es ausgewählte Alpenkräuter, feine essbare Blüten, pikante Paprika mit feurigem Chili oder 
mediterrane Tomate mit Basilikum – da ist für jeden Käseliebhaber etwas dabei.","Käse Moosbrugger, Mäder",Schnittkäse,,FALSE,Title,Default Title,,,,,,0,,,,manual,1,,,,,,,,,,,,,,,,,,,,,,,,,,,
97,schnittkase, schnittkäse,Dieser Schnittkäse in Laibform wird von der Dorfsennerei Langenegg im Bregenzerwald auf traditionelle Art hergestellt. Verwendet wird ausschließlich silofreie Heumilch aus der Region. Während der zweieinhalb Monate Reifezeit wird der Käse von Meistern ihres Fachs gepflegt. Dabei entwickelt der Bregenzerwälder Schnittkäse sein typisches nussigwürziges Aroma. Ein besonderes Geschmackserlebnis für alle Käsegenießer.,"Langenegger Dorfsennerei, Langenegg",Schnittkäse,,FALSE,Title,Default Title,,,,,,0,,,,manual,1,,,,,,,,,,,,,,,,,,,,,,,,,,,
98,alpzieger, alpzieger,"Alpzieger ist eine ganz b’sundrige Art Topfen, die es so nur bei uns im Ländle gibt. Seine intensive Farbe und den würzigen Geschmack
verdankt er dem Schabzieger-Klee, auch Ziegerkraut genannt, und Kümmel.","Käse Moosbrugger, Mäder",Spezialitäten,,FALSE,Title,Default Title,,,,,,0,,,,manual,1,,,,,,,,,,,,,,,,,,,,,,,,,,,
99,bregenzerwalder-rasskase, bregenzerwälder rässkäse,"Sutterlüty’s Räßkäse ist ein Räßkäse, wie man ihn von früher her kennt. B`sundrig kräftig und würzig! Zur Herstellung wird silofreie Frischmilch verwendet. Die Andelsbucher Dorfsennerei käst daraus in reiner Handarbeit diese Vorarlberger Spezialität. Danach wird Sutterlüty`s Räßkäse über 7 Monate von Hand gepflegt und gereift. Dabei entsteht unter der essbaren Rinde sein unverwechselbares Aroma.","Sennerei Andelsbuch, Andelsbuch",Spezialitäten,,FALSE,Title,Default Title,,,,,,0,,,,manual,1,,,,,,,,,,,,,,,,,,,,,,,,,,,
100,bio-heumilch-camembert, bio heumilch camembert,"Seit 1886 werden in der Feinkäserei Bantel in Möggers über die Landesgrenzen hinaus beliebte Käsespezialitäten nach traditionellen Rezepten hergestellt. Mit bester Ländle Bio-Heumilch, ausgesuchten Käsekulturen und jahrzehntelanger Erfahrung käsen die Gebrüder Bantel exklusiv für Sutterlüty einen Camembert, wie man ihn nur noch selten findet: Sutterlüty Bio-Heumilch Camembert mit natürlichem Fettgehalt – ein b’sundrig cremiges Geschmackserlebnis.","Feinkäserei Bantel, Möggers",Weichkäse,,FALSE,Title,Default Title,,,,,,0,,,,manual,1,,,,,,,,,,,,,,,,,,,,,,,,,,,
101,vorarlberger-ziegenkase, vorarlberger ziegenkäse,"Dieser Ziegenschnittkäse wird aus 100 % reiner Ziegenmilch aus dem Walgau hergestellt. Der Meisterkäser der Dorfsennerei Schlins verarbeitet die frische Milch zu dieser Vorarlberger Käsespezialität. Nach 10 bis 14 Wochen entfaltet Sutterlüty’s Ziegenschnittkäse sein würzig-pikantes Aroma. Das ist so b’sundrig, dass der Käse schon mehrmals ausgezeichnet wurde.","Dorfsennerei Schlins-Röns, Schlins",Ziege & Schaf,,FALSE,Title,Default Title,,,,,,0,,,,manual,1,,,,,,,,,,,,,,,,,,,,,,,,,,,
102,walder-edelziege-rot, wälder edelziege rot,"Dieser b’sundrige Käse stammt aus der Hofsennerei der Familie Metzler. Das Geheimnis seines Aromas sind die edlen Rotschmier-Kulturen, die 100 % reine Wälder Ziegenheumilch und eine Prise echtes Ursalz.","Käse Moosbrugger, Mäder",Ziege & Schaf,,FALSE,Title,Default Title,,,,,,0,,,,manual,1,,,,,,,,,,,,,,,,,,,,,,,,,,,
103,walder-edelziege-camembert, wälder edelziege camembert,Dieser Käse ist ein echtes Naturprodukt aus reiner Ziegenmilch aus dem Ländle und einer Prise Ursalz. Der von der Familie Metzler von Hand gekäste Camembert überzeugt Kenner durch seinen milden Geschmack und das b'sundrige Camembertaroma.,"Käse Moosbrugger, Mäder",Ziege & Schaf,,FALSE,Title,Default Title,,,,,,0,,,,manual,1,,,,,,,,,,,,,,,,,,,,,,,,,,,
104,ziegenkasle-natur, ziegenkäsle natur,Das Wälder Ziegenkäsle ist der Ursprung des Ziegenkäsesortiments von Metzler Molke. Die pasteurisierte Ziegenheumilch und gezielt ausgesuchte Säuerungskulturen verleihen ihm seinen charakteristischen aromatischen Geschmack. Der Ziegenkäse wird mit Ursalz verfeinert.,"Metzler Käse-Molke, Egg",Ziege & Schaf,,FALSE,Title,Default Title,,,,,,0,,,,manual,1,,,,,,,,,,,,,,,,,,,,,,,,,,,
105,ziegenkasle-mit-krautern-in-ol, ziegenkäsle mit kräutern in öl,"In der vielfach ausgezeichneten Hofsennerei Metzler in Egg werden diese b´sundrigen Ziegenkäsle von Hand gekäst, 3 Wochen gereift und mit natürlichen Gewürzen in Öl eingelegt.","Metzler Käse-Molke, Egg",Ziege & Schaf,,FALSE,Title,Default Title,,,,,,0,,,,manual,1,,,,,,,,,,,,,,,,,,,,,,,,,,,
106,ziegenkasle-mit-chili-in-ol, ziegenkäsle mit chili in öl,"In der vielfach ausgezeichneten Hofsennerei Metzler in Egg werden diese b´sundrigen Ziegenkäsle von Hand gekäst, 3 Wochen gereift und mit Chilli in Öl eingelegt.","Metzler Käse-Molke, Egg",Ziege & Schaf,,FALSE,Title,Default Title,,,,,,0,,,,manual,1,,,,,,,,,,,,,,,,,,,,,,,,,,,
107,ziegenkasle-mit-erdnuss, ziegenkäsle mit erdnuss,"In der vielfach ausgezeichneten Hofsennerei Metzler in Egg werden diese b’sundrigen Ziegenkäsle von Hand gekäst. Nachdem sie drei Wochen gereift sind, werden die Ziegenkäsle mit natürlichen Gewürzen und mit ausgewählten Erdnüssen verfeinert und in Salzlake eingelegt.","Metzler Käse-Molke, Egg",Ziege & Schaf,,FALSE,Title,Default Title,,,,,,0,,,,manual,1,,,,,,,,,,,,,,,,,,,,,,,,,,,
108,ziegenbergkase, ziegenbergkäse,Dieser Bergkäse aus 100 % Ziegen-Heumilch wird in der Hofsennerei Metzler in Egg von Hand gekäst und ist auch für Kuhmilch-Allergiker bekömmlich. Mindestens sechs Monate Reifezeit verleiht diesem reinen Naturprodukt seinen b’sundrig würzigen Geschmack.,"Metzler Käse-Molke, Egg",Ziege & Schaf,,FALSE,Title,Default Title,,,,,,0,,,,manual,1,,,,,,,,,,,,,,,,,,,,,,,,,,,
109,schafkase-eingelegt-mild, schafkäse eingelegt mild,Für Familie Gmeiner in Bizau ist die artgerechte Haltung und silofreie Fütterung ihrer Schafe das Um und Auf. Die Tiere danken es ihnen mit einer völlig naturbelassenen Heumilch. Daraus entsteht in Handarbeit direkt am Hof ein natürlich würziger Schafkäse. Eingelegt in reines Rapsöl aus Österreich und verfeinert mit frischen Kräutern wird daraus eine b’sundrige Krönung für die Jause oder feinste Salate.,"Schafmilchbetrieb Gmeiner, Bizau",Ziege & Schaf,,FALSE,Title,Default Title,,,,,,0,,,,manual,1,,,,,,,,,,,,,,,,,,,,,,,,,,,
110,schafkase-eingelegt-pikant, schafkäse eingelegt pikant,Für Familie Gmeiner in Bizau ist die artgerechte Haltung und silofreie Fütterung ihrer Schafe das Um und Auf. Die Tiere danken es ihnen mit einer völlig naturbelassenen Heumilch. Daraus entsteht in Handarbeit direkt am Hof ein natürlich würziger Schafkäse. Eingelegt in reines Rapsöl aus Österreich und verfeinert mit feurigem Chili wird daraus eine b’sundrige Krönung für die Jause oder feinste Salate.,"Schafmilchbetrieb Gmeiner, Bizau",Ziege & Schaf,,FALSE,Title,Default Title,,,,,,0,,,,manual,1,,,,,,,,,,,,,,,,,,,,,,,,,,,
111,bregenzerwalder-schafkasle, bregenzerwälder schafkäsle,Sutterlüty’s Schafskäsle werden von Familie Gmeiner in Bizau in traditioneller Handarbeit und aus 100 % Bregenzerwälder Schafmilch hergestellt. Gepflegt werden die Käsle mit Ursalz. Dadurch entwickeln sie ihren feinen Geschmack und sind ein b’sundriger Käsegenuss.,"Schafmilchbetrieb Gmeiner, Bizau",Ziege & Schaf,,FALSE,Title,Default Title,,,,,,0,,,,manual,1,,,,,,,,,,,,,,,,,,,,,,,,,,,
112,landle-holdermus, ländle holdermus,"Die handgepflückten Holderbeeren für dieses feine Holdermus stammen ausschließlich aus dem Rheindelta. In der Dietrich-Kostbarkeiten-Manufaktur in Lauterach werden die Beeren abgerebelt und nach traditionellem Rezept nur mit etwas Zucker und ohne künstliche Konservierungsstoffe eingekocht. Sutterlüty’s Holdermus ist ein b’sundriger Genuss. Zum echten Rheintaler Riebel, ins Joghurt oder pur zum Löffeln.","Dietrich - Vorarlberger Kostbarkeiten, Lauterach",nan,,FALSE,Title,Default Title,,,,,,0,,,,manual,1,,,,,,,,,,,,,,,,,,,,,,,,,,,
113,zwetschgenkompott, zwetschgenkompott,"Die handverlesenen Früchte der alten Zwetschkensorte Fellenberger wandern vom eigenen Obstgarten praktisch direkt ins Glas.
Die fruchtigen Sutterlüty’s Kompotte werden nach altem Hausrezept von Waltraud Hirscher in Meckenbeuren aus eigenen Früchten gekocht. Die handverlesenen Früchte wandern vom eigenen Obstgarten praktisch direkt ins Glas. Denn der alteingesessene Familienbetrieb verarbeitet seine Früchte sofort nach der Ernte am eigenen Hof. Deshalb schmecken Sutterlüty’s Kompotte wie selbst gemacht.","Familie Hirscher, Meckenbeuren",nan,,FALSE,Title,Default Title,,,,,,0,,,,manual,1,,,,,,,,,,,,,,,,,,,,,,,,,,,
114,mirabellenkompott, mirabellenkompott,"Sonnengereifte Mirabellen vom eigenen Hof als feines Kompott schonend haltbar gemacht.
Die fruchtigen Sutterlüty’s Kompotte werden nach altem Hausrezept von Waltraud Hirscher in Meckenbeuren aus eigenen Früchten gekocht. Die handverlesenen Früchte wandern vom eigenen Obstgarten praktisch direkt ins Glas. Denn der alteingesessene Familienbetrieb verarbeitet seine Früchte sofort nach der Ernte am eigenen Hof. Deshalb schmecken Sutterlüty’s Kompotte wie selbst gemacht.","Familie Hirscher, Meckenbeuren",nan,,FALSE,Title,Default Title,,,,,,0,,,,manual,1,,,,,,,,,,,,,,,,,,,,,,,,,,,
115,apfelmus, apfelmus,Äpfel vom Bodensee sind weit über die Region berühmt. Aber die schönsten Jonagold Äpfel der Familie Hirscher kommen trotzdem nicht weit herum. Sie werden fein püriert und wandern als Sutterlüty’s Apfelmus ins Glas. So wie zu Omas Zeiten werden dafür nur die besten Äpfel mit ein paar Löffeln Zucker für den Geschmack und etwas Zitronensäure verwendet. Deshalb schmeckt Sutterlüty’s Apfelmus so b’sundrig aromatisch nach Äpfeln und sonst nichts.,"Familie Hirscher, Meckenbeuren",nan,,FALSE,Title,Default Title,,,,,,0,,,,manual,1,,,,,,,,,,,,,,,,,,,,,,,,,,,
116,apfelgelee, apfelgelee,Sutterlüty’s Apfelgelee wird nach einem Hausrezept von Wolfgang Sohm in Dornbirn aus naturtrübem Direktsaft von handverlesenen Ländle Äpfeln und Gelierzucker hergestellt. Der Sortenreichtum der Vorarlberger Streuobstwiesen sorgt für die Aromenvielfalt und ein feines Spiel von Süße und Säure. Deshalb ist Sutterlüty’s Apfelgelee ein b’sundriger Genuss auf jedem Frühstücksbrot.,"Söhmsen's Manufaktur, Dornbirn",Gelee,,FALSE,Title,Default Title,,,,,,0,,,,manual,1,,,,,,,,,,,,,,,,,,,,,,,,,,,
117,schwarzes-johannisbeergelee, schwarzes johannisbeergelee,Sutterlüty’s Schwarze Johannisbeer-Gelee wird von Wolfgang Sohm in Dornbirn noch genauso wie früher nach einem alten Hausrezept hergestellt. Dafür werden Schwarze Johannisbeeren aus der Bodenseeregion gepresst und der reine Saft mit Gelierzucker eingekocht. Die fruchtige Note der Beeren macht Sutterlüty’s Schwarze Johannisbeer-Gelee zu einem b’sundrigen Genuss auf jedem Frühstücksbrot.,"Söhmsen's Manufaktur, Dornbirn",Gelee,,FALSE,Title,Default Title,,,,,,0,,,,manual,1,,,,,,,,,,,,,,,,,,,,,,,,,,,
118,cremehonig, cremehonig,"Sutterlüty’s Frühlingsblüten Cremehonig ist die wahrscheinlich feinste Art Blütenhonig zu genießen. Der Sulzberger Wanderimker Ferdl Herburger rührt dafür seinen einzigartigen Vorarlberger Blütenhonig über mehrere Tage alle vier Stunden für einige Minuten. So lange, bis daraus feinster Cremehonig entsteht. Das macht Sutterlüty’s Frühlingsblüten Cremehonig in jeder Hinsicht b’sundrig. Er schmeckt unglaublich cremig und fein nach den Aromen einer Frühlingswiese. Außerdem lässt er sich wunderbar streichen ohne zu tropfen.","Ferdl Herburger, Sulzberg",Honig,,FALSE,Title,Default Title,,,,,,0,,,,manual,1,,,,,,,,,,,,,,,,,,,,,,,,,,,
119,waldhonig-(bregenzerwald), waldhonig (bregenzerwald),Dieser Waldhonig stammt aus dem vorderen Bregenzerwald. Dort sammeln die Bienen des Sulzberger Wanderimkers Ferdl Herburger auf rund 1000 Metern Höhe den Honigtau auf den Weißtannen und Fichten. Aus diesem Honigtau entsteht der extra dunkle Ländle Waldhonig mit b’sundrig kräftigem Aroma.,"Ferdl Herburger, Sulzberg",Honig,,FALSE,Title,Default Title,,,,,,0,,,,manual,1,,,,,,,,,,,,,,,,,,,,,,,,,,,
120,waldhonig-(walgau), waldhonig (walgau),Dieser naturreine Ländle Waldhonig stammt aus dem Walgau und dem Großen Walsertal. Dort sammeln die Bienen in den naturbelassenen Bergen und Wäldern auf rund 700 Metern Seehöhe den Honigtau auf den Laub- und Nadelbäumen. Daraus entsteht dann der extra dunkle Ländle Waldhonig mit b’sundrigs kräftigem Aroma.,"Honig Obmann, Nenzing",Honig,,FALSE,Title,Default Title,,,,,,0,,,,manual,1,,,,,,,,,,,,,,,,,,,,,,,,,,,
121,bio-tannenwipfele-creme, bio tannenwipfele creme,Für Sutterlüty’s Bio Tannenwipfel Creme kocht Wildkräuterexperte Reiner Metzler ausgesuchte Bio Tannenwipfel aus zertifizierter Wildsammlung über mehrere Tage schonend mit österreichischem Bio Rübenzucker ein. Durch sorgfältiges Rühren erhält die Creme ihre streichfeine Konsistenz. Sutterlüty’s Bio Tannenwipfel Creme ist köstlich als Brotaufstrich und im Tee oder verdünnt als Saft eine b’sundrige Wohltat für Hals und Rachen.,"Naturreich, Grossdorf",Honig,,FALSE,Title,Default Title,,,,,,0,,,,manual,1,,,,,,,,,,,,,,,,,,,,,,,,,,,
122,tannenwipfele-sirup, tannenwipfele sirup,"Sutterlüty’s Tannenwipfelsirup, im Volksmund auch Tannenwipfelehonig genannt, ist ein köstlicher Brotaufstrich und eine b’sundrige Verfeinerung von Tees. Die handverlesenen Tannenwipfel werden von Wolfgang Sohm mehrere Tage mit braunem Zucker eingekocht. Dabei geben die Tannenwipfel ihr volles Aroma ab und machen Sutterlüty’s Tannenwipfelsirup zu einem b’sundrigen Genuss.","Söhmsen's Manufaktur, Dornbirn",Honig,,FALSE,Title,Default Title,,,,,,0,,,,manual,1,,,,,,,,,,,,,,,,,,,,,,,,,,,
123,brombeer-fruchtgenuss, brombeer fruchtgenuss,"Für diesen b`sundrig fruchtigen Fruchtaufstrich kommen nur sonnengereifte Brombeeren aus der Bodenseeregion ins Glas. Nach der Ernte werden die Beeren direkt in der kleinen Marmeladenküche von Wolfgang Sohm in Dornbirn, so wie früher in Handarbeit, eingekocht. Das Hausrezept besteht aus 70% Fruchtanteil und Gelierzucker. Sutterlüty`s Fruchtgenuss wird nur durch Erhitzen haltbar gemacht und kommt ganz ohne Konservierungsstoffe oder gar Geschmacksverstärker aus. Weil`s natürlich eben immer noch am besten schmeckt.","Söhmsen's Manufaktur, Dornbirn",Marmelade,,FALSE,Title,Default Title,,,,,,0,,,,manual,1,,,,,,,,,,,,,,,,,,,,,,,,,,,
124,brombeer-heidelbeer-fruchtgenuss, brombeer-heidelbeer fruchtgenuss,"Für diesen b`sundrig fruchtigen Fruchtaufstrich kommen nur sonnengereifte Brombeeren und Heidelbeeren aus der Bodenseeregion ins Glas. Nach der Ernte werden die Beeren direkt in der kleinen Marmeladenküche von Wolfgang Sohm in Dornbirn, so wie früher in Handarbeit, nach einem Hausrezept mit 70% Fruchtanteil eingekocht. Weil`s natürlich eben immer noch am besten schmeckt.","Söhmsen's Manufaktur, Dornbirn",Marmelade,,FALSE,Title,Default Title,,,,,,0,,,,manual,1,,,,,,,,,,,,,,,,,,,,,,,,,,,
125,erdbeer-fruchtgenuss, erdbeer fruchtgenuss,"Für diesen b’sundrig fruchtigen Fruchtaufstrich kommen nur sonnengereifte Erdbeeren aus der Bodenseeregion ins Glas. Nach der Ernte werden die Früchte in der kleinen Marmeladenküche von Wolfgang Sohm in Dornbirn, so wie früher in Handarbeit, eingekocht. Das Hausrezept besteht aus 70% Fruchtanteil, Gelierzucker und sonst nichts. Weil es eben ganz natürlich am besten schmeckt!","Söhmsen's Manufaktur, Dornbirn",Marmelade,,FALSE,Title,Default Title,,,,,,0,,,,manual,1,,,,,,,,,,,,,,,,,,,,,,,,,,,
126,heidelbeer-fruchtgenuss, heidelbeer fruchtgenuss,"Für diesen b’sundrig fruchtigen Fruchtaufstrich kommen nur sonnengereifte Heidelbeeren aus der Bodenseeregion ins Glas. Nach der Ernte werden die Früchte in der kleinen Marmeladenküche von Wolfgang Sohm in Dornbirn, so wie früher in Handarbeit, eingekocht. Das Hausrezept besteht aus 70% Fruchtanteil, Gelierzucker und sonst nichts. Weil es eben ganz natürlich am besten schmeckt!","Söhmsen's Manufaktur, Dornbirn",Marmelade,,FALSE,Title,Default Title,,,,,,0,,,,manual,1,,,,,,,,,,,,,,,,,,,,,,,,,,,
127,erdbeer-himbeere-fruchtgenuss, erdbeer-himbeere fruchtgenuss,"Für diesen b’sundrig fruchtigen Fruchtaufstrich kommen nur sonnengereifte Erdbeeren und Himbeeren aus der Bodenseeregion ins Glas. Nach der Ernte werden die Früchte in der kleinen Marmeladenküche von Wolfgang Sohm in Dornbirn, so wie früher in Handarbeit, eingekocht. Das Hausrezept besteht aus 70% Fruchtanteil, Gelierzucker und sonst nichts. Weil es eben ganz natürlich am besten schmeckt!","Söhmsen's Manufaktur, Dornbirn",Marmelade,,FALSE,Title,Default Title,,,,,,0,,,,manual,1,,,,,,,,,,,,,,,,,,,,,,,,,,,
128,himbeer-fruchtgenuss, himbeer fruchtgenuss,"Für diesen b`sundrig fruchtigen Fruchtaufstrich kommen nur sonnengereifte Himbeeren aus der Bodenseeregion ins Glas. Nach der Ernte werden die Früchte in der kleinen Marmeladenküche von Wolfgang Sohm in Dornbirn, so wie früher in Handarbeit, eingekocht. Das Hausrezept besteht aus 70% Fruchtanteil, Gelierzucker und sonst nichts. Weil es eben ganz natürlich am besten schmeckt!","Söhmsen's Manufaktur, Dornbirn",Marmelade,,FALSE,Title,Default Title,,,,,,0,,,,manual,1,,,,,,,,,,,,,,,,,,,,,,,,,,,
129,himbeere-erdbeere-heidelbeere-fruchtgenuss, himbeere-erdbeere-heidelbeere fruchtgenuss,"Für diesen b`sundrig fruchtigen Fruchtaufstrich kommen nur sonnengereifte Himbeeren, Erdbeeren und Heidelbeeren aus der Bodenseeregion ins Glas. Nach der Ernte werden die Beeren in der kleinen Marmeladenküche von Wolfgang Sohm in Dornbirn, so wie früher in Handarbeit, nach einem Hausrezept mit 70% Fruchtanteil eingekocht. Weil es eben ganz natürlich am besten schmeckt!","Söhmsen's Manufaktur, Dornbirn",Marmelade,,FALSE,Title,Default Title,,,,,,0,,,,manual,1,,,,,,,,,,,,,,,,,,,,,,,,,,,
130,johannisbeer-fruchtgenuss, johannisbeer fruchtgenuss,"Für diesen b’sundrig fruchtigen Fruchtaufstrich kommen nur sonnengereifte Johannisbeeren aus der Bodenseeregion ins Glas. Nach der Ernte werden die Früchte in der kleinen Marmeladenküche von Wolfgang Sohm in Dornbirn, so wie früher in Handarbeit, eingekocht. Das Hausrezept besteht aus 70% Fruchtanteil, Gelierzucker und sonst nichts. Weil es eben ganz natürlich am besten schmeckt!","Söhmsen's Manufaktur, Dornbirn",Marmelade,,FALSE,Title,Default Title,,,,,,0,,,,manual,1,,,,,,,,,,,,,,,,,,,,,,,,,,,
131,kornelkirschen-fruchtgenuss, kornelkirschen fruchtgenuss,"Für diesen b`sundrig fruchtigen Fruchtaufstrich kommen nur handgepflückte Kornelkirschen aus dem Dornbirner Ried ins Glas. Nach der Ernte werden die auch als ""Dirndl"" bekannten Früchte direkt in der kleinen Marmeladenküche von Wolfgang Sohm in Dornbirn, so wie früher in Handarbeit, nach einem Hausrezept mit 70% Fruchtanteil eingekocht. Weil es eben ganz natürlich am besten schmeckt!","Söhmsen's Manufaktur, Dornbirn",Marmelade,,FALSE,Title,Default Title,,,,,,0,,,,manual,1,,,,,,,,,,,,,,,,,,,,,,,,,,,
132,zwetschgen-fruchtgenuss, zwetschgen fruchtgenuss,"Für diesen b`sundrig fruchtigen Fruchtaufstrich kommen nur sonnengereifte Zwetschgen aus der Bodenseeregion ins Glas. Nach der Ernte werden die Früchte direkt in der kleinen Marmeladenküche von Wolfgang Sohm in Dornbirn, so wie früher in Handarbeit, eingekocht. Das Hausrezept besteht aus 70% Fruchtanteil und Gelierzucker. Sutterlüty`s Fruchtgenuss wird nur durch Erhitzen haltbar gemacht und kommt ganz ohne Konservierungsstoffe oder gar Geschmacksverstärker aus. Weil`s natürlich eben immer noch am besten schmeckt.","Söhmsen's Manufaktur, Dornbirn",Marmelade,,FALSE,Title,Default Title,,,,,,0,,,,manual,1,,,,,,,,,,,,,,,,,,,,,,,,,,,
133,alpbutter, alpbutter,"Unsere Alpbutter wird so wie früher mit der Hand hergestellt – auf den Alpen Untere und Obere Falz in Egg-Schetteregg. Hier weiß man, worauf es beim Buttern ankommt: Die Milch! Die vielen Alpkräuter geben der Milch ein einzigartiges, natürliches Aroma. Und das macht die Alpbutter b’sundrig fein im Geschmack.","Alpe Obere Falz, Egg-Schetteregg",Butter,,FALSE,Title,Default Title,,,,,,0,,,,manual,1,,,,,,,,,,,,,,,,,,,,,,,,,,,
134,bregenzerwalder-sennbutter, bregenzerwälder sennbutter,"Sutterlüty’s Bregenzerwälder Sennbutter kommt von der Sennerei Hittisau, wo man das Buttern noch als Handwerk versteht. Sie wird aus frischer, silofreier Milch hergestellt. Gebuttert wird auf traditionelle Weise im Butterfass– so lange, bis aus dem naturbelassenen Rahm beste Butter wird. Deshalb ist unsere Sennbutter ein b’sundriger Genuss.","Sennerei Hittisau, Hittisau",Butter,,FALSE,Title,Default Title,,,,,,0,,,,manual,1,,,,,,,,,,,,,,,,,,,,,,,,,,,
135,schafmilchjoghurt-brombeer, schafmilchjoghurt brombeer,"Sutterlüty`s Schafmilch Joghurt Brombeer wird von Brigitte und Thomas Gmeiner in Bizau von Hand gemacht. Sie verarbeiten zu 100% 
frische Bregenzerwälder Schafmilch und Brombeeren aus den Beerengärten von Martin Winder im Dornbirner Ried. Daraus zaubern sie 
ein Joghurt, wie es b`sundriger nicht sein könnte: fein natürlich im Geschmack, unglaublich cremig und mit vollreifen, süßen Brombeeren verfeinert.","Schafmilchbetrieb Gmeiner, Bizau",Joghurt,,FALSE,Title,Default Title,,,,,,0,,,,manual,1,,,,,,,,,,,,,,,,,,,,,,,,,,,
136,schafmilchjoghurt-erdbeer, schafmilchjoghurt erdbeer,Für das Sutterlüty`s Schafmilch Joghurt Erdbeer verarbeiten Brigitte und Thomas Gmeiner in Bizau von Hand 100% frische Bregenzerwälder Schafmilch und Erdbeeren aus den Beerengärten von Martin Winder im Dornbirner Ried.,"Schafmilchbetrieb Gmeiner, Bizau",Joghurt,,FALSE,Title,Default Title,,,,,,0,,,,manual,1,,,,,,,,,,,,,,,,,,,,,,,,,,,
137,schafmilchjoghurt-himbeer, schafmilchjoghurt himbeer,Sutterlüty`s Schafmilch Joghurt Himbeer wird von Brigitte und Thomas Gmeiner in Bizau von Hand gemacht. Sie verarbeiten frische Bregenzerwälder Schafmilch und Himbeeren aus den Beerengärten von Martin Winder im Dornbirner Ried zu einem unglaublich cremigen und natürlichen Joghurt.,"Schafmilchbetrieb Gmeiner, Bizau",Joghurt,,FALSE,Title,Default Title,,,,,,0,,,,manual,1,,,,,,,,,,,,,,,,,,,,,,,,,,,
138,schafmilchjoghurt-marille, schafmilchjoghurt marille,"Das Sutterlüty's Schafmilch Joghurt Marille wird von der Familie Gmeiner in Bizau aus 100 % frischer Bregenzerwälder Schafmilch und besten Marillen aus Österreich hergestellt. Fein natürlich im Geschmack, unglaublich cremig und mit vollreifen, süßen Marillen verfeinert.","Schafmilchbetrieb Gmeiner, Bizau",Joghurt,,FALSE,Title,Default Title,,,,,,0,,,,manual,1,,,,,,,,,,,,,,,,,,,,,,,,,,,
139,schafmilchjoghurt-natur, schafmilchjoghurt natur,Sutterlüty's Bregenzerwälder Schafmilch Joghurt wird von Familie Gmeiner in Bizau frisch von Hand gemacht. Sie verarbeiten dabei nur frische Bregenzerwälder Schafmilch und ausgesuchte Joghurt Kulturen. Daraus zaubern sie ein Joghurt wie es wohl kein zweites in Vorarlberg gibt: firsch und fein im Geschmack und b'sundrig cremig auf der Zunge.,"Schafmilchbetrieb Gmeiner, Bizau",Joghurt,,FALSE,Title,Default Title,,,,,,0,,,,manual,1,,,,,,,,,,,,,,,,,,,,,,,,,,,
140,schafmilchjoghurt-haselnuss, schafmilchjoghurt haselnuss,"Sutterlüty's Schafmilch Joghurt Haselnuss wird von Brigitte und Thomas Gmeiner in Bizau von Hand gemacht. Sie verarbeiten zu 100 % frische Bregenzerwälder Schafmilch und Haselnüsse von der Schweizer Firma Obermeilen. Daraus zaubern sie ein Joghurt, wie es b'sundriger nicht sein könnte: fein natürlich im Geschmack, unglaublich cremig und mit Haselnüssen verfeinert.","Schafmilchbetrieb Gmeiner, Bizau",Joghurt,,FALSE,Title,Default Title,,,,,,0,,,,manual,1,,,,,,,,,,,,,,,,,,,,,,,,,,,
141,schafmilchjoghurt-musli, schafmilchjoghurt müsli,Das Sutterlüty's Schafmilch Joghurt Müsli wird von der Familie Gmeiner in Bizau aus 100 % frischer Bregenzerwälder Schafmilch und einen b'sundrigen Müsli Mix von der Schweizer Firma Obermeilen von Hand hergestellt.,"Schafmilchbetrieb Gmeiner, Bizau",Joghurt,,FALSE,Title,Default Title,,,,,,0,,,,manual,1,,,,,,,,,,,,,,,,,,,,,,,,,,,
142,alpzieger, alpzieger,"Alpzieger ist eine ganz b’sundrige Art Topfen, die es so nur bei uns im Ländle gibt. Seine intensive Farbe und den würzigen Geschmack
verdankt er dem Schabzieger-Klee, auch Ziegerkraut genannt, und Kümmel.","Käse Moosbrugger, Mäder",Spezialitäten,,FALSE,Title,Default Title,,,,,,0,,,,manual,1,,,,,,,,,,,,,,,,,,,,,,,,,,,
143,landle-suppengrun, ländle suppengrün,"Das Suppengrün vom Mahlerhof in Höchst ist zu 100% Ländle Pur. Egal ob Karotten, Sellerie, Lauch  oder Petersilie - alle Zutaten kommen direkt vom Feld frisch in die Sutterlüty Ländlemärkte und sorgen für eine b'sundrig gute und kräftige Brühe. ","Mahlerhof, Höchst",Gemüse,,FALSE,Title,Default Title,,,,,,0,,,,manual,1,,,,,,,,,,,,,,,,,,,,,,,,,,,
144,krautertopfle, kräutertöpfle,"Aromatisch auf der Zunge, hübsch fürs Auge! Sutterlüty’s Kräutertöpfle bringen die natürlichen Aromen und die Vielfalt des Gartens in die Küche. Sie wachsen ganz natürlich am Mahlerhof in Höchst in gesunden Böden nahe dem Bodenseeufer heran. So entwickeln die frischen Kräuter ein b’sundrig kräftiges Aroma und verfeinern jedes Gericht auf ganz natürliche Weise. Zusätzlich verleihen die satt-grünen Blättchen auch visuell jedem Teller das gewisse Etwas – denn das Auge isst ja bekanntlich mit. Die Sutterlüty’s Kräutertöpfle gibt es in verschiedenen Sorten – Petersilie, Rosmarien, Minze, Salbei und viele mehr – eine der Kräutersorten hat immer Saison und ist in den Sutterlüty Märkten erhältlich.","Mahlerhof, Höchst",Kräuter,,FALSE,Title,Default Title,,,,,,0,,,,manual,1,,,,,,,,,,,,,,,,,,,,,,,,,,,
145,fraxner-kriasi, fraxner kriasi,"Mit den Fraxnern ist gut Kirschen essen. Denn die Sutterlüty’s Fraxner Kriasi sind ein ganz b’sundriger Genuss direkt aus der Region.
Sommerzeit ist Kirschenzeit bei Sutterlüty. Denn bei uns gibt es saisonal Kirschen direkt aus der Region – aus Fraxern um genau zu sein. 
Dort wird die b’sundrig aromatische „Große Schwarze“ angebaut. Nach dem Pflücken werden die Kirschen besonders schonend von 
Hand verlesen. So kommen die Kriasi in allerbestem Zustand in die Sutterlüty Ländlemärkte.
Rund, tiefrot und besonders aromatisch - das ist die b'sundrige ""Große Schwarze"" aus Fraxern. 
Handverlesen und nur zur Kirschernte erhältlich, schmeckt dieser Sommergenuss ganz besonders.","Kirschendorf, Fraxern",Obst,,FALSE,Title,Default Title,,,,,,0,,,,manual,1,,,,,,,,,,,,,,,,,,,,,,,,,,,
146,heidelbeeren, heidelbeeren,Wunderbar und doch natürlich – Sutterlüty’s Heidelbeeren sind ein unvergleichlich naturbelassenes Geschmackserlebnis. Das Lauteracher Ried ist die Heimat für die Ländle Heidelbeeren von Familie Sohm. Dort bauen sie ihre Beeren bei idealem Klima an. Dabei wird zu 100% auf die Verwendung von Spritzmittel verzichtet. Der natürliche Anbau und die täglich frische Ernte garantieren für ein echtes und naturbelassenes Geschmackserlebnis. Eben was ganz B’sundrigs.,"Rheintalbeeren Sohm, Lauterach",Obst,,FALSE,Title,Default Title,,,,,,0,,,,manual,1,,,,,,,,,,,,,,,,,,,,,,,,,,,
147,getrocknete-baya-marisa-apfel, getrocknete baya marisa äpfel,"Ein ganz natürlicher, sortenreiner Genuss: die getrockneten Baya Marisa Äpfel von Schobel Höchstgenuss, direkt vom Bodensee.","Schobel Höchstgenuss, Höchst",Trockenfrüchte,,FALSE,Title,Default Title,,,,,,0,,,,manual,1,,,,,,,,,,,,,,,,,,,,,,,,,,,
148,getrocknete-gala-apfel, getrocknete gala äpfel,"Für Sutterlüty’s getrocknete Gala Äpfel trocknet Harald Schobel nur handverlesene Gala Äpfel vom Bodensee in einem neuartigen, schonenden Verfahren.","Schobel Höchstgenuss, Höchst",Trockenfrüchte,,FALSE,Title,Default Title,,,,,,0,,,,manual,1,,,,,,,,,,,,,,,,,,,,,,,,,,,
149,getrocknete-jonagold-apfel, getrocknete jonagold äpfel,Dank schonender Trocknung sind die handverlesenen Jonagold Äpfel von Harald Schobel ganz ohne Konservierungsstoffe haltbar.,"Schobel Höchstgenuss, Höchst",Trockenfrüchte,,FALSE,Title,Default Title,,,,,,0,,,,manual,1,,,,,,,,,,,,,,,,,,,,,,,,,,,
150,getrocknete-williams-birnen, getrocknete williams birnen,"Harald Schobel trocknet nur handverlesene Williams Birnen aus Gaißau. Die süßlich-würzigen Früchte bestechen durch ihren aromatischen Geschmack und kommen ganz ohne künstliche Geschmackstoffe, Farb- oder Konservierungsmittel aus.","Schobel Höchstgenuss, Höchst",Trockenfrüchte,,FALSE,Title,Default Title,,,,,,0,,,,manual,1,,,,,,,,,,,,,,,,,,,,,,,,,,,
151,apfel-birnen-essig, apfel-birnen essig,"Auf den Obstbäumen der Rheintaler Wiesen wachsen die Äpfel und Birnen, aus denen Andreas Krammel von der Mosterei Krammel in 
Lustenau den naturbelassenen Saft für Sutterlüty’s Essig presst. Auf ganz natürliche Weise wird der Most zu Apfel Birnen Essig vergoren. 
In alten Mostfässern reift dann ein b’sundrig fruchtiger Essig heran. Nach monatelanger Lagerung wird dieses Naturprodukt völlig 
unbehandelt und daher naturtrüb in Glasflaschen abgefüllt.","Mosterei Kramml, Lustenau",Essig,,FALSE,Title,Default Title,,,,,,0,,,,manual,1,,,,,,,,,,,,,,,,,,,,,,,,,,,
152,apfelessig, apfelessig,"Sutterlüty´s Apfelessig wird aus Vorarlberger Apfelwein hergestellt. Dieser wird schonend in einem zweiten Gärverfahren zu Apfelessig veredelt. Durch das natürliche absetzen nach der Oxidation bleiben Mineralien und Spurenelemente voll erhalten. Apfelssig ist in vielen Bereichen verwendbar: Vorspeisen, Hauptspeisen, Nachspeisen, körperliche Fitness und Reinigung.","Mosterei Kramml, Lustenau",Essig,,FALSE,Title,Default Title,,,,,,0,,,,manual,1,,,,,,,,,,,,,,,,,,,,,,,,,,,
153,apfel-birnen-essig-mit-himbeeren, apfel-birnen essig mit himbeeren,"Für diesen b‘sundrig fruchtigen Essig setzt Andreas Krammel in seiner Mosterei in Lustenau nur reife Himbeeren aus dem Ländle mit seinem 
naturtrüben Apfel-Birnen-Essig aus Rheintaler Streuobst an. Weitere Zusätze braucht es dafür nicht. Der naturreine, fruchtige Essig verleiht 
Salaten, Suppen, Saucen und sogar Cocktails ganz natürlich eine b’sundrig beerige Note.","Mosterei Kramml, Lustenau",Essig,,FALSE,Title,Default Title,,,,,,0,,,,manual,1,,,,,,,,,,,,,,,,,,,,,,,,,,,
154,krauteressig, kräuteressig,Für diesen b’sundrigen Kräuteressig setzt Andreas Krammel in seiner Mosterei in Lustenau zwölf verschiedene Kräuter in seinem berühmten naturtrüben Apfel-Birnen-Essig an. Nur noch mit ein bisschen Salz und Honig verfeinert verleiht der naturtrübe Sutterlüty’s Kräuteressig Salaten und auch Saucen eine b’sundrig fruchtig-milde Würze.,"Mosterei Kramml, Lustenau",Essig,,FALSE,Title,Default Title,,,,,,0,,,,manual,1,,,,,,,,,,,,,,,,,,,,,,,,,,,
155,kalbsbratknodel, kalbsbrätknödel,"Für Sutterlüty‘s Kalbsbrätknödel verarbeiten die Broger Metzgermeister nur bestes heimisches Kalbfleisch, Freilandeier vom Martinshof in Buch und Brösel von der Landbäckerei Hammerl. Dieses klare Bekenntnis zu Regionalität, die Sorgfalt in der Herstellung und die Qualität der Zutaten lassen eine b’sundrig feine Suppe im Handumdrehen gelingen.","Traditionsmetzgerei Broger, Bizau",Einlagen,,FALSE,Title,Default Title,,,,,,0,,,,manual,1,,,,,,,,,,,,,,,,,,,,,,,,,,,
156,kalbsbratspatzle, kalbsbrätspätzle,"Sutterlüty’s hausgemachte Kalbsbrätspätzle werden in der Metzgerei Broger in Bizau aus bestem Kalbsbrät, Freilandeiern vom Martinshof in Buch und Bröseln von der Landbäckerei Hammerl zubereitet. So wie früher – ohne künstliche Konservierungsstoffe. Auch beim Kalbfleisch für das Brät macht Broger keine Kompromisse und vertraut auf Landwirte aus der Umgebung. Dieses klare Bekenntnis zu Regionalität, die sorgfältige Herstellung und beste Zutaten haben sich ein Ländle Herz verdient. Schließlich ist Tradition noch immer das beste Rezept, wenn’s b’sundrig schmecken soll.","Traditionsmetzgerei Broger, Bizau",Einlagen,,FALSE,Title,Default Title,,,,,,0,,,,manual,1,,,,,,,,,,,,,,,,,,,,,,,,,,,
157,leberknodel, leberknödel,"Sutterlüty’s Leberknödel werden aus feinsten Zutaten von der Metzgerei Broger in Bizau zubereitet. Nach alter Tradition von Hand und ohne künstliche Konservierungsstoffe und Geschmacksverstärker. Weil nur bestes Fleisch vom Rind und heimischen Kalb drinnen ist, gelingt im Handumdrehen eine b’sundrig feine Suppe.","Traditionsmetzgerei Broger, Bizau",Einlagen,,FALSE,Title,Default Title,,,,,,0,,,,manual,1,,,,,,,,,,,,,,,,,,,,,,,,,,,
158,leberspatzle, leberspätzle,"Sutterlüty’s Leberspätzle werden von der Metzgerei Broger in Bizau nach überlieferter Rezeptur hergestellt. Ohne Geschmacksverstärker und ohne Konservierungsstoffe. Feinste Rinderleber und beste Zutaten sorgen dafür, dass Sie im Handumdrehen eine b’sundrige Spezialität im Teller haben.","Traditionsmetzgerei Broger, Bizau",Einlagen,,FALSE,Title,Default Title,,,,,,0,,,,manual,1,,,,,,,,,,,,,,,,,,,,,,,,,,,
159,eisgenuss-heisse-liebe, eisgenuss heisse liebe,"Mit viel Liebe, Sorgfalt und Können zaubert Andrew Nussbaumer in seiner kleinen Eis-Manufaktur in Hohenems aus silofreier Heumilch aus dem Ländle, echter Bourbonvanille und reifen Himbeeren aus der Region einen wahren Eistraum: Sutterlüty's EisGenuss ""Heiße Liebe"". Auf künstliche Farbstoffe wird für diese b'sundrige Eiskreation ganz bewusst verzichtet.","Dolce Vita Eis-Manufaktur, Hohenems",Eis,,FALSE,Title,Default Title,,,,,,0,,,,manual,1,,,,,,,,,,,,,,,,,,,,,,,,,,,
160,eisgenuss-heumilch-alpencaramel, eisgenuss heumilch alpencaramel,"Bereits in dritter Generation stellt der Familienbetrieb Nussbaumer in Hohenems köstliches Speiseeis nach traditionellen Hausrezepten her. Für die Zubereitung von Sutterlüty's EisGenuss verwendet Andrew Nussbaumer, wo immer es möglich ist, Rohstoffe aus der Region. Das Heumilch-Alpencaramel Eis wird vor allem aus silofreier Heumilch aus dem Ländle und feinstem Alpencaramel kreiert.","Dolce Vita Eis-Manufaktur, Hohenems",Eis,,FALSE,Title,Default Title,,,,,,0,,,,manual,1,,,,,,,,,,,,,,,,,,,,,,,,,,,
161,eisgenuss-heumilch-schoko-nuss, eisgenuss heumilch-schoko-nuss,"Für die Zubereitung von Sutterlüty's EisGenuss verwendet Andrew Nussbaumer in seiner kleinen Hohenemser Eis-Manufaktur, wo immer es möglich ist, Rohstoffe aus der Region. Das Heumilch-Schoko-Nuss Eis wird vor allem aus silofreier Heumilch aus dem Ländle, Schokolade von der Hohenemser Schokoladenmanufaktur Fenkart und Haselnüssen aus der Bodensee-Region hergestellt. Mit viel Liebe, Sorgfalt und Können entsteht aus den Zutaten ein b'sundrig cremiger Eistraum.","Dolce Vita Eis-Manufaktur, Hohenems",Eis,,FALSE,Title,Default Title,,,,,,0,,,,manual,1,,,,,,,,,,,,,,,,,,,,,,,,,,,
162,eisgenuss-heumilch-stracciatella, eisgenuss heumilch-stracciatella,"Bereits in dritter Generation stellt der Familienbetrieb Nussbaumer köstliches Speiseeis nach traditionellen Hausrezepten her. Für die Zubereitung von Sutterlüty's EisGenuss verwendet Andrew Nussbaumer in seiner kleinen Hohenemser Eis-Manufaktur, wo immer es möglich ist, Rohstoffe aus der Region. Mit viel Liebe, Sorgfalt und Können zaubert er aus silofreier Heumilch aus dem Ländle, Kakao und einem Hauch Blütenhonig einen wahren Eistraum. Auf künstliche Farbstoffe wird für diese b'sundrige Eiskreation ganz bewusst verzichtet.","Dolce Vita Eis-Manufaktur, Hohenems",Eis,,FALSE,Title,Default Title,,,,,,0,,,,manual,1,,,,,,,,,,,,,,,,,,,,,,,,,,,
163,eisgenuss-joghurt-waldbeere, eisgenuss joghurt-waldbeere,"Für das Joghurt-Waldbeeren Eis verwendet Andrew Nussbaumer in seiner kleinen Eis-Manufaktur in Hohenems wann immer es möglich ist Rohstoffe aus der Region. Das Joghurt-Waldbeer Eis besteht vor allem aus Ländle Naturjoghurt und reifen Beeren aus der Bodensee-Region. Mit viel Liebe, Sorgfalt und Können zaubert er aus den Zutaten einen wahren Eistraum.","Dolce Vita Eis-Manufaktur, Hohenems",Eis,,FALSE,Title,Default Title,,,,,,0,,,,manual,1,,,,,,,,,,,,,,,,,,,,,,,,,,,
164,eisgenuss-naturjohgurt-kirsch, eisgenuss naturjohgurt-kirsch,"Mit viel Liebe, Sorgfalt und Können zaubert Andrew Nussbaumer in seiner kleinen Eis-Manufaktur in Hohenems aus silofreier Heumilch aus dem Ländle, Ländle Naturjoghurt und reifen Kirschen aus der Bodensee-Region einen wahren Eistraum: Sutterlüty’s Eisgenuss Naturjoghurt-Kirsch. Auf künstliche Farbstoffe wird für diese b'sundrige Eiskreation ganz bewusst verzichtet.","Dolce Vita Eis-Manufaktur, Hohenems",Eis,,FALSE,Title,Default Title,,,,,,0,,,,manual,1,,,,,,,,,,,,,,,,,,,,,,,,,,,
165,eisgenuss-vanille, eisgenuss vanille,"Für die Zubereitung von Sutterlüty's EisGenuss verwendet Andrew Nussbaumer in seiner kleinen Hohenemser Eis-Manufaktur, wo immer es möglich ist, Rohstoffe aus der Region. Das Vanille Eis wird von vor allem aus silofreier Heumilch aus dem Ländle und echter Bourbonvanille kreiert. Und das ohne zugesetzte Farbstoffe. Das hat Sutterlüty's EisGenuss auch gar nicht nötig. Deshalb schmeckt das Eis so natürlich und b'sundrig cremig.","Dolce Vita Eis-Manufaktur, Hohenems",Eis,,FALSE,Title,Default Title,,,,,,0,,,,manual,1,,,,,,,,,,,,,,,,,,,,,,,,,,,
166,geschenkpackle-klein, geschenkpäckle klein,"Sutterlüty’s Bergkäse würzig 8 Monate gereift ca. 300 g, Sutterlüty’s Bio Alpwurzen 100 g, Sutterlüty’s Fruchtgenuss Himbeer 200 g, Sutterlüty’s Basilikum Pesto 143 g / € 25,-",nan,Geschenkpäckle,,FALSE,Title,Default Title,,,,,,0,,,,manual,1,,,,,,,,,,,,,,,,,,,,,,,,,,,
167,geschenkpackle-mittel, geschenkpäckle mittel,"Sutterlüty’s Bergkäse würzig 8 Monate gereift ca. 300 g, Sutterlüty’s Bio Kaminwurzen 150 g, Sutterlüty’s Cornichons 580 ml, Sutterlüty’s Cremehonig 250 g, Sutterlüty’s Fruchtgenuss Erdbeer-Himbeer 200 g, Sutterlüty’s getrocknete Jonagold Äpfel 60 g / € 35,-",nan,Geschenkpäckle,,FALSE,Title,Default Title,,,,,,0,,,,manual,1,,,,,,,,,,,,,,,,,,,,,,,,,,,
168,geschenkpackle-gross, geschenkpäckle groß,"Sutterlüty’s Bio Salami 200 g, Sutterlüty’s Bergkäse würzig 8 Monate gereift ca. 300 g, Sutterlüty’s Randig Salat 580 ml, Sutterlüty’s Apfelmus 370 ml, Sutterlüty’s Fruchtgenuss Himbeer 200 g, Sutterlüty’s Apfelsecco 0,75 l , Sutterlüty’s Rheintaler Riebel 400 g, Sutterlüty’s Zwetschke-Curry Chutney 200 g / € 45,-",nan,Geschenkpäckle,,FALSE,Title,Default Title,,,,,,0,,,,manual,1,,,,,,,,,,,,,,,,,,,,,,,,,,,
169,"b'sundrige-auswahl-individuell-bestuckbar
mindestbestellmenge-20-geschenke"," b’sundrige auswahl individuell bestückbar / 
mindestbestellmenge 20 geschenke","So individuell wie Ihre Mitarbeiter, Kunden und Partner: Ein kleines, aber b‘sundrig feines Päckle - mit Produkten Ihrer Wahl bestückt und auf Wunsch transportsicher verpackt. Zur Absprache des gewünschten Inhalts wenden Sie sich bitte direkt an unseren Kundenservice:
Tel. 05512 / 2266-122 oder kundenservice@sutterluety.at. Preis nach gewähltem Inhalt.",nan,Geschenkpäckle,,FALSE,Title,Default Title,,,,,,0,,,,manual,1,,,,,,,,,,,,,,,,,,,,,,,,,,,
170,sutterluty-geschenkgutscheine,Sutterlüty geschenkgutscheine,"Schenken so viel Sie wollen: Die praktischen Sutterlüty Geschenkkarten treffen jeden Geschmack und können mit einem Betrag Ihrer Wahl aufgeladen werden. (max. € 200,-)",nan,Gutscheinkarte,,FALSE,Title,Default Title,,,,,,0,,,,manual,1,,,,,,,,,,,,,,,,,,,,,,,,,,,
